atlv,damage
0,0
1,1
2,2
3,3
4,4
5,5
6,6
7,7
8,8
9,9
10,10
11,13
12,16
13,19
14,22
15,25
16,28
17,31
18,34
19,37
20,40
21,43
22,46
23,49
24,52
25,55
26,58
27,61
28,64
29,67
30,70
31,73
32,76
33,79
34,82
35,85
36,88
37,91
38,94
39,97
40,100
41,103
42,106
43,109
44,112
45,115
46,118
47,121
48,124
49,127
50,130
51,133
52,136
53,139
54,142
55,145
56,148
57,151
58,154
59,157
60,160
61,163
62,166
63,169
64,172
65,175
66,178
67,181
68,184
69,187
70,190
71,193
72,196
73,199
74,202
75,205
76,208
77,211
78,214
79,217
80,220
81,223
82,226
83,229
84,232
85,235
86,238
87,241
88,244
89,247
90,250
91,253
92,256
93,259
94,262
95,265
96,268
97,271
98,274
99,277
100,282
101,288
102,293
103,299
104,304
105,310
106,315
107,320
108,326
109,331
110,337
111,342
112,347
113,353
114,358
115,364
116,369
117,375
118,380
119,385
120,391
121,396
122,402
123,407
124,412
125,418
126,423
127,429
128,434
129,440
130,445
131,450
132,456
133,461
134,467
135,472
136,478
137,483
138,488
139,494
140,499
141,505
142,510
143,515
144,521
145,526
146,532
147,537
148,543
149,548
150,553
151,559
152,564
153,570
154,575
155,580
156,586
157,591
158,597
159,602
160,608
161,613
162,618
163,624
164,629
165,635
166,640
167,645
168,651
169,656
170,662
171,667
172,673
173,678
174,683
175,689
176,694
177,700
178,705
179,711
180,716
181,721
182,727
183,732
184,738
185,743
186,748
187,754
188,759
189,765
190,770
191,776
192,781
193,786
194,792
195,797
196,803
197,808
198,813
199,819
200,844
201,869
202,894
203,919
204,944
205,969
206,994
207,1019
208,1044
209,1069
210,1094
211,1119
212,1144
213,1169
214,1194
215,1219
216,1244
217,1269
218,1294
219,1319
220,1344
221,1369
222,1394
223,1419
224,1444
225,1469
226,1494
227,1519
228,1544
229,1569
230,1594
231,1619
232,1644
233,1669
234,1694
235,1719
236,1744
237,1769
238,1794
239,1819
240,1844
241,1869
242,1894
243,1919
244,1944
245,1969
246,1994
247,2019
248,2044
249,2069
250,2094
251,2119
252,2144
253,2169
254,2194
255,2219
256,2244
257,2269
258,2294
259,2319
260,2344
261,2369
262,2394
263,2419
264,2444
265,2469
266,2494
267,2519
268,2544
269,2569
270,2594
271,2619
272,2644
273,2669
274,2694
275,2719
276,2744
277,2769
278,2794
279,2819
280,2844
281,2869
282,2894
283,2919
284,2944
285,2969
286,2994
287,3019
288,3044
289,3069
290,3094
291,3119
292,3144
293,3169
294,3194
295,3219
296,3244
297,3269
298,3294
299,3319
300,3444
301,3569
302,3694
303,3819
304,3944
305,4069
306,4194
307,4319
308,4444
309,4569
310,4694
311,4819
312,4944
313,5069
314,5194
315,5319
316,5444
317,5569
318,5694
319,5819
320,5944
321,6069
322,6194
323,6319
324,6444
325,6569
326,6694
327,6819
328,6944
329,7069
330,7194
331,7319
332,7444
333,7569
334,7694
335,7819
336,7944
337,8069
338,8194
339,8319
340,8444
341,8569
342,8694
343,8819
344,8944
345,9069
346,9194
347,9319
348,9444
349,9569
350,9694
351,9819
352,9944
353,10069
354,10194
355,10319
356,10444
357,10569
358,10694
359,10819
360,10944
361,11069
362,11194
363,11319
364,11444
365,11569
366,11694
367,11819
368,11944
369,12069
370,12194
371,12319
372,12444
373,12569
374,12694
375,12819
376,12944
377,13069
378,13194
379,13319
380,13444
381,13569
382,13694
383,13819
384,13944
385,14069
386,14194
387,14319
388,14444
389,14569
390,14694
391,14819
392,14944
393,15069
394,15194
395,15319
396,15444
397,15569
398,15694
399,15819
400,18944
401,22069
402,25194
403,28319
404,31444
405,34569
406,37694
407,40819
408,43944
409,47069
410,50194
411,53319
412,56444
413,59569
414,62694
415,65819
416,68944
417,72069
418,75194
419,78319
420,81444
421,84569
422,87694
423,90819
424,93944
425,97069
426,100194
427,103319
428,106444
429,109569
430,112694
431,115819
432,118944
433,122069
434,125194
435,128319
436,131444
437,134569
438,137694
439,140819
440,143944
441,147069
442,150194
443,153319
444,156444
445,159569
446,162694
447,165819
448,168944
449,172069
450,175194
451,178319
452,181444
453,184569
454,187694
455,190819
456,193944
457,197069
458,200194
459,203319
460,206444
461,209569
462,212694
463,215819
464,218944
465,222069
466,225194
467,228319
468,231444
469,234569
470,237694
471,240819
472,243944
473,247069
474,250194
475,253319
476,256444
477,259569
478,262694
479,265819
480,268944
481,272069
482,275194
483,278319
484,281444
485,284569
486,287694
487,290819
488,293944
489,297069
490,300194
491,303319
492,306444
493,309569
494,312694
495,315819
496,318944
497,322069
498,325194
499,328319
500,331444
501,334569
502,337694
503,340819
504,343944
505,347069
506,350194
507,353319
508,356444
509,359569
510,362694
511,365819
512,368944
513,372069
514,375194
515,378319
516,381444
517,384569
518,387694
519,390819
520,393944
521,397069
522,400194
523,403319
524,406444
525,409569
526,412694
527,415819
528,418944
529,422069
530,425194
531,428319
532,431444
533,434569
534,437694
535,440819
536,443944
537,447069
538,450194
539,453319
540,456444
541,459569
542,462694
543,465819
544,468944
545,472069
546,475194
547,478319
548,481444
549,484569
550,487694
551,490819
552,493944
553,497069
554,500194
555,503319
556,506444
557,509569
558,512694
559,515819
560,518944
561,522069
562,525194
563,528319
564,531444
565,534569
566,537694
567,540819
568,543944
569,547069
570,550194
571,553319
572,556444
573,559569
574,562694
575,565819
576,568944
577,572069
578,575194
579,578319
580,581444
581,584569
582,587694
583,590819
584,593944
585,597069
586,600194
587,603319
588,606444
589,609569
590,612694
591,615819
592,618944
593,622069
594,625194
595,628319
596,631444
597,634569
598,637694
599,640819
600,643944
601,659569
602,675194
603,690819
604,706444
605,722069
606,737694
607,753319
608,768944
609,784569
610,800194
611,815819
612,831444
613,847069
614,862694
615,878319
616,893944
617,909569
618,925194
619,940819
620,956444
621,972069
622,987694
623,1003319
624,1018944
625,1034569
626,1050194
627,1065819
628,1081444
629,1097069
630,1112694
631,1128319
632,1143944
633,1159569
634,1175194
635,1190819
636,1206444
637,1222069
638,1237694
639,1253319
640,1268944
641,1284569
642,1300194
643,1315819
644,1331444
645,1347069
646,1362694
647,1378319
648,1393944
649,1409569
650,1425194
651,1440819
652,1456444
653,1472069
654,1487694
655,1503319
656,1518944
657,1534569
658,1550194
659,1565819
660,1581444
661,1597069
662,1612694
663,1628319
664,1643944
665,1659569
666,1675194
667,1690819
668,1706444
669,1722069
670,1737694
671,1753319
672,1768944
673,1784569
674,1800194
675,1815819
676,1831444
677,1847069
678,1862694
679,1878319
680,1893944
681,1909569
682,1925194
683,1940819
684,1956444
685,1972069
686,1987694
687,2003319
688,2018944
689,2034569
690,2050194
691,2065819
692,2081444
693,2097069
694,2112694
695,2128319
696,2143944
697,2159569
698,2175194
699,2190819
700,2206444
701,2222069
702,2237694
703,2253319
704,2268944
705,2284569
706,2300194
707,2315819
708,2331444
709,2347069
710,2362694
711,2378319
712,2393944
713,2409569
714,2425194
715,2440819
716,2456444
717,2472069
718,2487694
719,2503319
720,2518944
721,2534569
722,2550194
723,2565819
724,2581444
725,2597069
726,2612694
727,2628319
728,2643944
729,2659569
730,2675194
731,2690819
732,2706444
733,2722069
734,2737694
735,2753319
736,2768944
737,2784569
738,2800194
739,2815819
740,2831444
741,2847069
742,2862694
743,2878319
744,2893944
745,2909569
746,2925194
747,2940819
748,2956444
749,2972069
750,2987694
751,3003319
752,3018944
753,3034569
754,3050194
755,3065819
756,3081444
757,3097069
758,3112694
759,3128319
760,3143944
761,3159569
762,3175194
763,3190819
764,3206444
765,3222069
766,3237694
767,3253319
768,3268944
769,3284569
770,3300194
771,3315819
772,3331444
773,3347069
774,3362694
775,3378319
776,3393944
777,3409569
778,3425194
779,3440819
780,3456444
781,3472069
782,3487694
783,3503319
784,3518944
785,3534569
786,3550194
787,3565819
788,3581444
789,3597069
790,3612694
791,3628319
792,3643944
793,3659569
794,3675194
795,3690819
796,3706444
797,3722069
798,3737694
799,3753319
800,3831444
801,3909569
802,3987694
803,4065819
804,4143944
805,4222069
806,4300194
807,4378319
808,4456444
809,4534569
810,4612694
811,4690819
812,4768944
813,4847069
814,4925194
815,5003319
816,5081444
817,5159569
818,5237694
819,5315819
820,5393944
821,5472069
822,5550194
823,5628319
824,5706444
825,5784569
826,5862694
827,5940819
828,6018944
829,6097069
830,6175194
831,6253319
832,6331444
833,6409569
834,6487694
835,6565819
836,6643944
837,6722069
838,6800194
839,6878319
840,6956444
841,7034569
842,7112694
843,7190819
844,7268944
845,7347069
846,7425194
847,7503319
848,7581444
849,7659569
850,7737694
851,7815819
852,7893944
853,7972069
854,8050194
855,8128319
856,8206444
857,8284569
858,8362694
859,8440819
860,8518944
861,8597069
862,8675194
863,8753319
864,8831444
865,8909569
866,8987694
867,9065819
868,9143944
869,9222069
870,9300194
871,9378319
872,9456444
873,9534569
874,9612694
875,9690819
876,9768944
877,9847069
878,9925194
879,10003319
880,10081444
881,10159569
882,10237694
883,10315819
884,10393944
885,10472069
886,10550194
887,10628319
888,10706444
889,10784569
890,10862694
891,10940819
892,11018944
893,11097069
894,11175194
895,11253319
896,11331444
897,11409569
898,11487694
899,11565819
900,11956444
901,12347069
902,12737694
903,13128319
904,13518944
905,13909569
906,14300194
907,14690819
908,15081444
909,15472069
910,15862694
911,16253319
912,16643944
913,17034569
914,17425194
915,17815819
916,18206444
917,18597069
918,18987694
919,19378319
920,19768944
921,20159569
922,20550194
923,20940819
924,21331444
925,21722069
926,22112694
927,22503319
928,22893944
929,23284569
930,23675194
931,24065819
932,24456444
933,24847069
934,25237694
935,25628319
936,26018944
937,26409569
938,26800194
939,27190819
940,27581444
941,27972069
942,28362694
943,28753319
944,29143944
945,29534569
946,29925194
947,30315819
948,30706444
949,31097069
950,31487694
951,31878319
952,32268944
953,32659569
954,33050194
955,33440819
956,33831444
957,34222069
958,34612694
959,35003319
960,35393944
961,35784569
962,36175194
963,36565819
964,36956444
965,37347069
966,37737694
967,38128319
968,38518944
969,38909569
970,39300194
971,39690819
972,40081444
973,40472069
974,40862694
975,41253319
976,41643944
977,42034569
978,42425194
979,42815819
980,43206444
981,43597069
982,43987694
983,44378319
984,44768944
985,45159569
986,45550194
987,45940819
988,46331444
989,46722069
990,47112694
991,47503319
992,47893944
993,48284569
994,48675194
995,49065819
996,49456444
997,49847069
998,50237694
999,50628319
1000,60393944
1001,70159569
1002,79925194
1003,89690819
1004,99456444
1005,109222069
1006,118987694
1007,128753319
1008,138518944
1009,148284569
1010,158050194
1011,167815819
1012,177581444
1013,187347069
1014,197112694
1015,206878319
1016,216643944
1017,226409569
1018,236175194
1019,245940819
1020,255706444
1021,265472069
1022,275237694
1023,285003319
1024,294768944
1025,304534569
1026,314300194
1027,324065819
1028,333831444
1029,343597069
1030,353362694
1031,363128319
1032,372893944
1033,382659569
1034,392425194
1035,402190819
1036,411956444
1037,421722069
1038,431487694
1039,441253319
1040,451018944
1041,460784569
1042,470550194
1043,480315819
1044,490081444
1045,499847069
1046,509612694
1047,519378319
1048,529143944
1049,538909569
1050,548675194
1051,558440819
1052,568206444
1053,577972069
1054,587737694
1055,597503319
1056,607268944
1057,617034569
1058,626800194
1059,636565819
1060,646331444
1061,656097069
1062,665862694
1063,675628319
1064,685393944
1065,695159569
1066,704925194
1067,714690819
1068,724456444
1069,734222069
1070,743987694
1071,753753319
1072,763518944
1073,773284569
1074,783050194
1075,792815819
1076,802581444
1077,812347069
1078,822112694
1079,831878319
1080,841643944
1081,851409569
1082,861175194
1083,870940819
1084,880706444
1085,890472069
1086,900237694
1087,910003319
1088,919768944
1089,929534569
1090,939300194
1091,949065819
1092,958831444
1093,968597069
1094,978362694
1095,988128319
1096,997893944
1097,1007659569
1098,1017425194
1099,1027190819
1100,1036956444
1101,1046722069
1102,1056487694
1103,1066253319
1104,1076018944
1105,1085784569
1106,1095550194
1107,1105315819
1108,1115081444
1109,1124847069
1110,1134612694
1111,1144378319
1112,1154143944
1113,1163909569
1114,1173675194
1115,1183440819
1116,1193206444
1117,1202972069
1118,1212737694
1119,1222503319
1120,1232268944
1121,1242034569
1122,1251800194
1123,1261565819
1124,1271331444
1125,1281097069
1126,1290862694
1127,1300628319
1128,1310393944
1129,1320159569
1130,1329925194
1131,1339690819
1132,1349456444
1133,1359222069
1134,1368987694
1135,1378753319
1136,1388518944
1137,1398284569
1138,1408050194
1139,1417815819
1140,1427581444
1141,1437347069
1142,1447112694
1143,1456878319
1144,1466643944
1145,1476409569
1146,1486175194
1147,1495940819
1148,1505706444
1149,1515472069
1150,1525237694
1151,1535003319
1152,1544768944
1153,1554534569
1154,1564300194
1155,1574065819
1156,1583831444
1157,1593597069
1158,1603362694
1159,1613128319
1160,1622893944
1161,1632659569
1162,1642425194
1163,1652190819
1164,1661956444
1165,1671722069
1166,1681487694
1167,1691253319
1168,1701018944
1169,1710784569
1170,1720550194
1171,1730315819
1172,1740081444
1173,1749847069
1174,1759612694
1175,1769378319
1176,1779143944
1177,1788909569
1178,1798675194
1179,1808440819
1180,1818206444
1181,1827972069
1182,1837737694
1183,1847503319
1184,1857268944
1185,1867034569
1186,1876800194
1187,1886565819
1188,1896331444
1189,1906097069
1190,1915862694
1191,1925628319
1192,1935393944
1193,1945159569
1194,1954925194
1195,1964690819
1196,1974456444
1197,1984222069
1198,1993987694
1199,2003753319
1200,2013518944
1201,2023284569
1202,2033050194
1203,2042815819
1204,2052581444
1205,2062347069
1206,2072112694
1207,2081878319
1208,2091643944
1209,2101409569
1210,2111175194
1211,2120940819
1212,2130706444
1213,2140472069
1214,2150237694
1215,2160003319
1216,2169768944
1217,2179534569
1218,2189300194
1219,2199065819
1220,2208831444
1221,2218597069
1222,2228362694
1223,2238128319
1224,2247893944
1225,2257659569
1226,2267425194
1227,2277190819
1228,2286956444
1229,2296722069
1230,2306487694
1231,2316253319
1232,2326018944
1233,2335784569
1234,2345550194
1235,2355315819
1236,2365081444
1237,2374847069
1238,2384612694
1239,2394378319
1240,2404143944
1241,2413909569
1242,2423675194
1243,2433440819
1244,2443206444
1245,2452972069
1246,2462737694
1247,2472503319
1248,2482268944
1249,2492034569
1250,2501800194
1251,2511565819
1252,2521331444
1253,2531097069
1254,2540862694
1255,2550628319
1256,2560393944
1257,2570159569
1258,2579925194
1259,2589690819
1260,2599456444
1261,2609222069
1262,2618987694
1263,2628753319
1264,2638518944
1265,2648284569
1266,2658050194
1267,2667815819
1268,2677581444
1269,2687347069
1270,2697112694
1271,2706878319
1272,2716643944
1273,2726409569
1274,2736175194
1275,2745940819
1276,2755706444
1277,2765472069
1278,2775237694
1279,2785003319
1280,2794768944
1281,2804534569
1282,2814300194
1283,2824065819
1284,2833831444
1285,2843597069
1286,2853362694
1287,2863128319
1288,2872893944
1289,2882659569
1290,2892425194
1291,2902190819
1292,2911956444
1293,2921722069
1294,2931487694
1295,2941253319
1296,2951018944
1297,2960784569
1298,2970550194
1299,2980315819
1300,2990081444
1301,2999847069
1302,3009612694
1303,3019378319
1304,3029143944
1305,3038909569
1306,3048675194
1307,3058440819
1308,3068206444
1309,3077972069
1310,3087737694
1311,3097503319
1312,3107268944
1313,3117034569
1314,3126800194
1315,3136565819
1316,3146331444
1317,3156097069
1318,3165862694
1319,3175628319
1320,3185393944
1321,3195159569
1322,3204925194
1323,3214690819
1324,3224456444
1325,3234222069
1326,3243987694
1327,3253753319
1328,3263518944
1329,3273284569
1330,3283050194
1331,3292815819
1332,3302581444
1333,3312347069
1334,3322112694
1335,3331878319
1336,3341643944
1337,3351409569
1338,3361175194
1339,3370940819
1340,3380706444
1341,3390472069
1342,3400237694
1343,3410003319
1344,3419768944
1345,3429534569
1346,3439300194
1347,3449065819
1348,3458831444
1349,3468597069
1350,3478362694
1351,3488128319
1352,3497893944
1353,3507659569
1354,3517425194
1355,3527190819
1356,3536956444
1357,3546722069
1358,3556487694
1359,3566253319
1360,3576018944
1361,3585784569
1362,3595550194
1363,3605315819
1364,3615081444
1365,3624847069
1366,3634612694
1367,3644378319
1368,3654143944
1369,3663909569
1370,3673675194
1371,3683440819
1372,3693206444
1373,3702972069
1374,3712737694
1375,3722503319
1376,3732268944
1377,3742034569
1378,3751800194
1379,3761565819
1380,3771331444
1381,3781097069
1382,3790862694
1383,3800628319
1384,3810393944
1385,3820159569
1386,3829925194
1387,3839690819
1388,3849456444
1389,3859222069
1390,3868987694
1391,3878753319
1392,3888518944
1393,3898284569
1394,3908050194
1395,3917815819
1396,3927581444
1397,3937347069
1398,3947112694
1399,3956878319
1400,3966643944
1401,3976409569
1402,3986175194
1403,3995940819
1404,4005706444
1405,4015472069
1406,4025237694
1407,4035003319
1408,4044768944
1409,4054534569
1410,4064300194
1411,4074065819
1412,4083831444
1413,4093597069
1414,4103362694
1415,4113128319
1416,4122893944
1417,4132659569
1418,4142425194
1419,4152190819
1420,4161956444
1421,4171722069
1422,4181487694
1423,4191253319
1424,4201018944
1425,4210784569
1426,4220550194
1427,4230315819
1428,4240081444
1429,4249847069
1430,4259612694
1431,4269378319
1432,4279143944
1433,4288909569
1434,4298675194
1435,4308440819
1436,4318206444
1437,4327972069
1438,4337737694
1439,4347503319
1440,4357268944
1441,4367034569
1442,4376800194
1443,4386565819
1444,4396331444
1445,4406097069
1446,4415862694
1447,4425628319
1448,4435393944
1449,4445159569
1450,4454925194
1451,4464690819
1452,4474456444
1453,4484222069
1454,4493987694
1455,4503753319
1456,4513518944
1457,4523284569
1458,4533050194
1459,4542815819
1460,4552581444
1461,4562347069
1462,4572112694
1463,4581878319
1464,4591643944
1465,4601409569
1466,4611175194
1467,4620940819
1468,4630706444
1469,4640472069
1470,4650237694
1471,4660003319
1472,4669768944
1473,4679534569
1474,4689300194
1475,4699065819
1476,4708831444
1477,4718597069
1478,4728362694
1479,4738128319
1480,4747893944
1481,4757659569
1482,4767425194
1483,4777190819
1484,4786956444
1485,4796722069
1486,4806487694
1487,4816253319
1488,4826018944
1489,4835784569
1490,4845550194
1491,4855315819
1492,4865081444
1493,4874847069
1494,4884612694
1495,4894378319
1496,4904143944
1497,4913909569
1498,4923675194
1499,4933440819
1500,4943206444
1501,4952972069
1502,4962737694
1503,4972503319
1504,4982268944
1505,4992034569
1506,5001800194
1507,5011565819
1508,5021331444
1509,5031097069
1510,5040862694
1511,5050628319
1512,5060393944
1513,5070159569
1514,5079925194
1515,5089690819
1516,5099456444
1517,5109222069
1518,5118987694
1519,5128753319
1520,5138518944
1521,5148284569
1522,5158050194
1523,5167815819
1524,5177581444
1525,5187347069
1526,5197112694
1527,5206878319
1528,5216643944
1529,5226409569
1530,5236175194
1531,5245940819
1532,5255706444
1533,5265472069
1534,5275237694
1535,5285003319
1536,5294768944
1537,5304534569
1538,5314300194
1539,5324065819
1540,5333831444
1541,5343597069
1542,5353362694
1543,5363128319
1544,5372893944
1545,5382659569
1546,5392425194
1547,5402190819
1548,5411956444
1549,5421722069
1550,5431487694
1551,5441253319
1552,5451018944
1553,5460784569
1554,5470550194
1555,5480315819
1556,5490081444
1557,5499847069
1558,5509612694
1559,5519378319
1560,5529143944
1561,5538909569
1562,5548675194
1563,5558440819
1564,5568206444
1565,5577972069
1566,5587737694
1567,5597503319
1568,5607268944
1569,5617034569
1570,5626800194
1571,5636565819
1572,5646331444
1573,5656097069
1574,5665862694
1575,5675628319
1576,5685393944
1577,5695159569
1578,5704925194
1579,5714690819
1580,5724456444
1581,5734222069
1582,5743987694
1583,5753753319
1584,5763518944
1585,5773284569
1586,5783050194
1587,5792815819
1588,5802581444
1589,5812347069
1590,5822112694
1591,5831878319
1592,5841643944
1593,5851409569
1594,5861175194
1595,5870940819
1596,5880706444
1597,5890472069
1598,5900237694
1599,5910003319
1600,5919768944
1601,5929534569
1602,5939300194
1603,5949065819
1604,5958831444
1605,5968597069
1606,5978362694
1607,5988128319
1608,5997893944
1609,6007659569
1610,6017425194
1611,6027190819
1612,6036956444
1613,6046722069
1614,6056487694
1615,6066253319
1616,6076018944
1617,6085784569
1618,6095550194
1619,6105315819
1620,6115081444
1621,6124847069
1622,6134612694
1623,6144378319
1624,6154143944
1625,6163909569
1626,6173675194
1627,6183440819
1628,6193206444
1629,6202972069
1630,6212737694
1631,6222503319
1632,6232268944
1633,6242034569
1634,6251800194
1635,6261565819
1636,6271331444
1637,6281097069
1638,6290862694
1639,6300628319
1640,6310393944
1641,6320159569
1642,6329925194
1643,6339690819
1644,6349456444
1645,6359222069
1646,6368987694
1647,6378753319
1648,6388518944
1649,6398284569
1650,6408050194
1651,6417815819
1652,6427581444
1653,6437347069
1654,6447112694
1655,6456878319
1656,6466643944
1657,6476409569
1658,6486175194
1659,6495940819
1660,6505706444
1661,6515472069
1662,6525237694
1663,6535003319
1664,6544768944
1665,6554534569
1666,6564300194
1667,6574065819
1668,6583831444
1669,6593597069
1670,6603362694
1671,6613128319
1672,6622893944
1673,6632659569
1674,6642425194
1675,6652190819
1676,6661956444
1677,6671722069
1678,6681487694
1679,6691253319
1680,6701018944
1681,6710784569
1682,6720550194
1683,6730315819
1684,6740081444
1685,6749847069
1686,6759612694
1687,6769378319
1688,6779143944
1689,6788909569
1690,6798675194
1691,6808440819
1692,6818206444
1693,6827972069
1694,6837737694
1695,6847503319
1696,6857268944
1697,6867034569
1698,6876800194
1699,6886565819
1700,6896331444
1701,6906097069
1702,6915862694
1703,6925628319
1704,6935393944
1705,6945159569
1706,6954925194
1707,6964690819
1708,6974456444
1709,6984222069
1710,6993987694
1711,7003753319
1712,7013518944
1713,7023284569
1714,7033050194
1715,7042815819
1716,7052581444
1717,7062347069
1718,7072112694
1719,7081878319
1720,7091643944
1721,7101409569
1722,7111175194
1723,7120940819
1724,7130706444
1725,7140472069
1726,7150237694
1727,7160003319
1728,7169768944
1729,7179534569
1730,7189300194
1731,7199065819
1732,7208831444
1733,7218597069
1734,7228362694
1735,7238128319
1736,7247893944
1737,7257659569
1738,7267425194
1739,7277190819
1740,7286956444
1741,7296722069
1742,7306487694
1743,7316253319
1744,7326018944
1745,7335784569
1746,7345550194
1747,7355315819
1748,7365081444
1749,7374847069
1750,7384612694
1751,7394378319
1752,7404143944
1753,7413909569
1754,7423675194
1755,7433440819
1756,7443206444
1757,7452972069
1758,7462737694
1759,7472503319
1760,7482268944
1761,7492034569
1762,7501800194
1763,7511565819
1764,7521331444
1765,7531097069
1766,7540862694
1767,7550628319
1768,7560393944
1769,7570159569
1770,7579925194
1771,7589690819
1772,7599456444
1773,7609222069
1774,7618987694
1775,7628753319
1776,7638518944
1777,7648284569
1778,7658050194
1779,7667815819
1780,7677581444
1781,7687347069
1782,7697112694
1783,7706878319
1784,7716643944
1785,7726409569
1786,7736175194
1787,7745940819
1788,7755706444
1789,7765472069
1790,7775237694
1791,7785003319
1792,7794768944
1793,7804534569
1794,7814300194
1795,7824065819
1796,7833831444
1797,7843597069
1798,7853362694
1799,7863128319
1800,7872893944
1801,7882659569
1802,7892425194
1803,7902190819
1804,7911956444
1805,7921722069
1806,7931487694
1807,7941253319
1808,7951018944
1809,7960784569
1810,7970550194
1811,7980315819
1812,7990081444
1813,7999847069
1814,8009612694
1815,8019378319
1816,8029143944
1817,8038909569
1818,8048675194
1819,8058440819
1820,8068206444
1821,8077972069
1822,8087737694
1823,8097503319
1824,8107268944
1825,8117034569
1826,8126800194
1827,8136565819
1828,8146331444
1829,8156097069
1830,8165862694
1831,8175628319
1832,8185393944
1833,8195159569
1834,8204925194
1835,8214690819
1836,8224456444
1837,8234222069
1838,8243987694
1839,8253753319
1840,8263518944
1841,8273284569
1842,8283050194
1843,8292815819
1844,8302581444
1845,8312347069
1846,8322112694
1847,8331878319
1848,8341643944
1849,8351409569
1850,8361175194
1851,8370940819
1852,8380706444
1853,8390472069
1854,8400237694
1855,8410003319
1856,8419768944
1857,8429534569
1858,8439300194
1859,8449065819
1860,8458831444
1861,8468597069
1862,8478362694
1863,8488128319
1864,8497893944
1865,8507659569
1866,8517425194
1867,8527190819
1868,8536956444
1869,8546722069
1870,8556487694
1871,8566253319
1872,8576018944
1873,8585784569
1874,8595550194
1875,8605315819
1876,8615081444
1877,8624847069
1878,8634612694
1879,8644378319
1880,8654143944
1881,8663909569
1882,8673675194
1883,8683440819
1884,8693206444
1885,8702972069
1886,8712737694
1887,8722503319
1888,8732268944
1889,8742034569
1890,8751800194
1891,8761565819
1892,8771331444
1893,8781097069
1894,8790862694
1895,8800628319
1896,8810393944
1897,8820159569
1898,8829925194
1899,8839690819
1900,8849456444
1901,8859222069
1902,8868987694
1903,8878753319
1904,8888518944
1905,8898284569
1906,8908050194
1907,8917815819
1908,8927581444
1909,8937347069
1910,8947112694
1911,8956878319
1912,8966643944
1913,8976409569
1914,8986175194
1915,8995940819
1916,9005706444
1917,9015472069
1918,9025237694
1919,9035003319
1920,9044768944
1921,9054534569
1922,9064300194
1923,9074065819
1924,9083831444
1925,9093597069
1926,9103362694
1927,9113128319
1928,9122893944
1929,9132659569
1930,9142425194
1931,9152190819
1932,9161956444
1933,9171722069
1934,9181487694
1935,9191253319
1936,9201018944
1937,9210784569
1938,9220550194
1939,9230315819
1940,9240081444
1941,9249847069
1942,9259612694
1943,9269378319
1944,9279143944
1945,9288909569
1946,9298675194
1947,9308440819
1948,9318206444
1949,9327972069
1950,9337737694
1951,9347503319
1952,9357268944
1953,9367034569
1954,9376800194
1955,9386565819
1956,9396331444
1957,9406097069
1958,9415862694
1959,9425628319
1960,9435393944
1961,9445159569
1962,9454925194
1963,9464690819
1964,9474456444
1965,9484222069
1966,9493987694
1967,9503753319
1968,9513518944
1969,9523284569
1970,9533050194
1971,9542815819
1972,9552581444
1973,9562347069
1974,9572112694
1975,9581878319
1976,9591643944
1977,9601409569
1978,9611175194
1979,9620940819
1980,9630706444
1981,9640472069
1982,9650237694
1983,9660003319
1984,9669768944
1985,9679534569
1986,9689300194
1987,9699065819
1988,9708831444
1989,9718597069
1990,9728362694
1991,9738128319
1992,9747893944
1993,9757659569
1994,9767425194
1995,9777190819
1996,9786956444
1997,9796722069
1998,9806487694
1999,9816253319
2000,9865081444
2001,9913909569
2002,9962737694
2003,10011565819
2004,10060393944
2005,10109222069
2006,10158050194
2007,10206878319
2008,10255706444
2009,10304534569
2010,10353362694
2011,10402190819
2012,10451018944
2013,10499847069
2014,10548675194
2015,10597503319
2016,10646331444
2017,10695159569
2018,10743987694
2019,10792815819
2020,10841643944
2021,10890472069
2022,10939300194
2023,10988128319
2024,11036956444
2025,11085784569
2026,11134612694
2027,11183440819
2028,11232268944
2029,11281097069
2030,11329925194
2031,11378753319
2032,11427581444
2033,11476409569
2034,11525237694
2035,11574065819
2036,11622893944
2037,11671722069
2038,11720550194
2039,11769378319
2040,11818206444
2041,11867034569
2042,11915862694
2043,11964690819
2044,12013518944
2045,12062347069
2046,12111175194
2047,12160003319
2048,12208831444
2049,12257659569
2050,12306487694
2051,12355315819
2052,12404143944
2053,12452972069
2054,12501800194
2055,12550628319
2056,12599456444
2057,12648284569
2058,12697112694
2059,12745940819
2060,12794768944
2061,12843597069
2062,12892425194
2063,12941253319
2064,12990081444
2065,13038909569
2066,13087737694
2067,13136565819
2068,13185393944
2069,13234222069
2070,13283050194
2071,13331878319
2072,13380706444
2073,13429534569
2074,13478362694
2075,13527190819
2076,13576018944
2077,13624847069
2078,13673675194
2079,13722503319
2080,13771331444
2081,13820159569
2082,13868987694
2083,13917815819
2084,13966643944
2085,14015472069
2086,14064300194
2087,14113128319
2088,14161956444
2089,14210784569
2090,14259612694
2091,14308440819
2092,14357268944
2093,14406097069
2094,14454925194
2095,14503753319
2096,14552581444
2097,14601409569
2098,14650237694
2099,14699065819
2100,14747893944
2101,14796722069
2102,14845550194
2103,14894378319
2104,14943206444
2105,14992034569
2106,15040862694
2107,15089690819
2108,15138518944
2109,15187347069
2110,15236175194
2111,15285003319
2112,15333831444
2113,15382659569
2114,15431487694
2115,15480315819
2116,15529143944
2117,15577972069
2118,15626800194
2119,15675628319
2120,15724456444
2121,15773284569
2122,15822112694
2123,15870940819
2124,15919768944
2125,15968597069
2126,16017425194
2127,16066253319
2128,16115081444
2129,16163909569
2130,16212737694
2131,16261565819
2132,16310393944
2133,16359222069
2134,16408050194
2135,16456878319
2136,16505706444
2137,16554534569
2138,16603362694
2139,16652190819
2140,16701018944
2141,16749847069
2142,16798675194
2143,16847503319
2144,16896331444
2145,16945159569
2146,16993987694
2147,17042815819
2148,17091643944
2149,17140472069
2150,17189300194
2151,17238128319
2152,17286956444
2153,17335784569
2154,17384612694
2155,17433440819
2156,17482268944
2157,17531097069
2158,17579925194
2159,17628753319
2160,17677581444
2161,17726409569
2162,17775237694
2163,17824065819
2164,17872893944
2165,17921722069
2166,17970550194
2167,18019378319
2168,18068206444
2169,18117034569
2170,18165862694
2171,18214690819
2172,18263518944
2173,18312347069
2174,18361175194
2175,18410003319
2176,18458831444
2177,18507659569
2178,18556487694
2179,18605315819
2180,18654143944
2181,18702972069
2182,18751800194
2183,18800628319
2184,18849456444
2185,18898284569
2186,18947112694
2187,18995940819
2188,19044768944
2189,19093597069
2190,19142425194
2191,19191253319
2192,19240081444
2193,19288909569
2194,19337737694
2195,19386565819
2196,19435393944
2197,19484222069
2198,19533050194
2199,19581878319
2200,19630706444
2201,19679534569
2202,19728362694
2203,19777190819
2204,19826018944
2205,19874847069
2206,19923675194
2207,19972503319
2208,20021331444
2209,20070159569
2210,20118987694
2211,20167815819
2212,20216643944
2213,20265472069
2214,20314300194
2215,20363128319
2216,20411956444
2217,20460784569
2218,20509612694
2219,20558440819
2220,20607268944
2221,20656097069
2222,20704925194
2223,20753753319
2224,20802581444
2225,20851409569
2226,20900237694
2227,20949065819
2228,20997893944
2229,21046722069
2230,21095550194
2231,21144378319
2232,21193206444
2233,21242034569
2234,21290862694
2235,21339690819
2236,21388518944
2237,21437347069
2238,21486175194
2239,21535003319
2240,21583831444
2241,21632659569
2242,21681487694
2243,21730315819
2244,21779143944
2245,21827972069
2246,21876800194
2247,21925628319
2248,21974456444
2249,22023284569
2250,22072112694
2251,22120940819
2252,22169768944
2253,22218597069
2254,22267425194
2255,22316253319
2256,22365081444
2257,22413909569
2258,22462737694
2259,22511565819
2260,22560393944
2261,22609222069
2262,22658050194
2263,22706878319
2264,22755706444
2265,22804534569
2266,22853362694
2267,22902190819
2268,22951018944
2269,22999847069
2270,23048675194
2271,23097503319
2272,23146331444
2273,23195159569
2274,23243987694
2275,23292815819
2276,23341643944
2277,23390472069
2278,23439300194
2279,23488128319
2280,23536956444
2281,23585784569
2282,23634612694
2283,23683440819
2284,23732268944
2285,23781097069
2286,23829925194
2287,23878753319
2288,23927581444
2289,23976409569
2290,24025237694
2291,24074065819
2292,24122893944
2293,24171722069
2294,24220550194
2295,24269378319
2296,24318206444
2297,24367034569
2298,24415862694
2299,24464690819
2300,24513518944
2301,24562347069
2302,24611175194
2303,24660003319
2304,24708831444
2305,24757659569
2306,24806487694
2307,24855315819
2308,24904143944
2309,24952972069
2310,25001800194
2311,25050628319
2312,25099456444
2313,25148284569
2314,25197112694
2315,25245940819
2316,25294768944
2317,25343597069
2318,25392425194
2319,25441253319
2320,25490081444
2321,25538909569
2322,25587737694
2323,25636565819
2324,25685393944
2325,25734222069
2326,25783050194
2327,25831878319
2328,25880706444
2329,25929534569
2330,25978362694
2331,26027190819
2332,26076018944
2333,26124847069
2334,26173675194
2335,26222503319
2336,26271331444
2337,26320159569
2338,26368987694
2339,26417815819
2340,26466643944
2341,26515472069
2342,26564300194
2343,26613128319
2344,26661956444
2345,26710784569
2346,26759612694
2347,26808440819
2348,26857268944
2349,26906097069
2350,26954925194
2351,27003753319
2352,27052581444
2353,27101409569
2354,27150237694
2355,27199065819
2356,27247893944
2357,27296722069
2358,27345550194
2359,27394378319
2360,27443206444
2361,27492034569
2362,27540862694
2363,27589690819
2364,27638518944
2365,27687347069
2366,27736175194
2367,27785003319
2368,27833831444
2369,27882659569
2370,27931487694
2371,27980315819
2372,28029143944
2373,28077972069
2374,28126800194
2375,28175628319
2376,28224456444
2377,28273284569
2378,28322112694
2379,28370940819
2380,28419768944
2381,28468597069
2382,28517425194
2383,28566253319
2384,28615081444
2385,28663909569
2386,28712737694
2387,28761565819
2388,28810393944
2389,28859222069
2390,28908050194
2391,28956878319
2392,29005706444
2393,29054534569
2394,29103362694
2395,29152190819
2396,29201018944
2397,29249847069
2398,29298675194
2399,29347503319
2400,29396331444
2401,29445159569
2402,29493987694
2403,29542815819
2404,29591643944
2405,29640472069
2406,29689300194
2407,29738128319
2408,29786956444
2409,29835784569
2410,29884612694
2411,29933440819
2412,29982268944
2413,30031097069
2414,30079925194
2415,30128753319
2416,30177581444
2417,30226409569
2418,30275237694
2419,30324065819
2420,30372893944
2421,30421722069
2422,30470550194
2423,30519378319
2424,30568206444
2425,30617034569
2426,30665862694
2427,30714690819
2428,30763518944
2429,30812347069
2430,30861175194
2431,30910003319
2432,30958831444
2433,31007659569
2434,31056487694
2435,31105315819
2436,31154143944
2437,31202972069
2438,31251800194
2439,31300628319
2440,31349456444
2441,31398284569
2442,31447112694
2443,31495940819
2444,31544768944
2445,31593597069
2446,31642425194
2447,31691253319
2448,31740081444
2449,31788909569
2450,31837737694
2451,31886565819
2452,31935393944
2453,31984222069
2454,32033050194
2455,32081878319
2456,32130706444
2457,32179534569
2458,32228362694
2459,32277190819
2460,32326018944
2461,32374847069
2462,32423675194
2463,32472503319
2464,32521331444
2465,32570159569
2466,32618987694
2467,32667815819
2468,32716643944
2469,32765472069
2470,32814300194
2471,32863128319
2472,32911956444
2473,32960784569
2474,33009612694
2475,33058440819
2476,33107268944
2477,33156097069
2478,33204925194
2479,33253753319
2480,33302581444
2481,33351409569
2482,33400237694
2483,33449065819
2484,33497893944
2485,33546722069
2486,33595550194
2487,33644378319
2488,33693206444
2489,33742034569
2490,33790862694
2491,33839690819
2492,33888518944
2493,33937347069
2494,33986175194
2495,34035003319
2496,34083831444
2497,34132659569
2498,34181487694
2499,34230315819
2500,34279143944
2501,34327972069
2502,34376800194
2503,34425628319
2504,34474456444
2505,34523284569
2506,34572112694
2507,34620940819
2508,34669768944
2509,34718597069
2510,34767425194
2511,34816253319
2512,34865081444
2513,34913909569
2514,34962737694
2515,35011565819
2516,35060393944
2517,35109222069
2518,35158050194
2519,35206878319
2520,35255706444
2521,35304534569
2522,35353362694
2523,35402190819
2524,35451018944
2525,35499847069
2526,35548675194
2527,35597503319
2528,35646331444
2529,35695159569
2530,35743987694
2531,35792815819
2532,35841643944
2533,35890472069
2534,35939300194
2535,35988128319
2536,36036956444
2537,36085784569
2538,36134612694
2539,36183440819
2540,36232268944
2541,36281097069
2542,36329925194
2543,36378753319
2544,36427581444
2545,36476409569
2546,36525237694
2547,36574065819
2548,36622893944
2549,36671722069
2550,36720550194
2551,36769378319
2552,36818206444
2553,36867034569
2554,36915862694
2555,36964690819
2556,37013518944
2557,37062347069
2558,37111175194
2559,37160003319
2560,37208831444
2561,37257659569
2562,37306487694
2563,37355315819
2564,37404143944
2565,37452972069
2566,37501800194
2567,37550628319
2568,37599456444
2569,37648284569
2570,37697112694
2571,37745940819
2572,37794768944
2573,37843597069
2574,37892425194
2575,37941253319
2576,37990081444
2577,38038909569
2578,38087737694
2579,38136565819
2580,38185393944
2581,38234222069
2582,38283050194
2583,38331878319
2584,38380706444
2585,38429534569
2586,38478362694
2587,38527190819
2588,38576018944
2589,38624847069
2590,38673675194
2591,38722503319
2592,38771331444
2593,38820159569
2594,38868987694
2595,38917815819
2596,38966643944
2597,39015472069
2598,39064300194
2599,39113128319
2600,39161956444
2601,39210784569
2602,39259612694
2603,39308440819
2604,39357268944
2605,39406097069
2606,39454925194
2607,39503753319
2608,39552581444
2609,39601409569
2610,39650237694
2611,39699065819
2612,39747893944
2613,39796722069
2614,39845550194
2615,39894378319
2616,39943206444
2617,39992034569
2618,40040862694
2619,40089690819
2620,40138518944
2621,40187347069
2622,40236175194
2623,40285003319
2624,40333831444
2625,40382659569
2626,40431487694
2627,40480315819
2628,40529143944
2629,40577972069
2630,40626800194
2631,40675628319
2632,40724456444
2633,40773284569
2634,40822112694
2635,40870940819
2636,40919768944
2637,40968597069
2638,41017425194
2639,41066253319
2640,41115081444
2641,41163909569
2642,41212737694
2643,41261565819
2644,41310393944
2645,41359222069
2646,41408050194
2647,41456878319
2648,41505706444
2649,41554534569
2650,41603362694
2651,41652190819
2652,41701018944
2653,41749847069
2654,41798675194
2655,41847503319
2656,41896331444
2657,41945159569
2658,41993987694
2659,42042815819
2660,42091643944
2661,42140472069
2662,42189300194
2663,42238128319
2664,42286956444
2665,42335784569
2666,42384612694
2667,42433440819
2668,42482268944
2669,42531097069
2670,42579925194
2671,42628753319
2672,42677581444
2673,42726409569
2674,42775237694
2675,42824065819
2676,42872893944
2677,42921722069
2678,42970550194
2679,43019378319
2680,43068206444
2681,43117034569
2682,43165862694
2683,43214690819
2684,43263518944
2685,43312347069
2686,43361175194
2687,43410003319
2688,43458831444
2689,43507659569
2690,43556487694
2691,43605315819
2692,43654143944
2693,43702972069
2694,43751800194
2695,43800628319
2696,43849456444
2697,43898284569
2698,43947112694
2699,43995940819
2700,44044768944
2701,44093597069
2702,44142425194
2703,44191253319
2704,44240081444
2705,44288909569
2706,44337737694
2707,44386565819
2708,44435393944
2709,44484222069
2710,44533050194
2711,44581878319
2712,44630706444
2713,44679534569
2714,44728362694
2715,44777190819
2716,44826018944
2717,44874847069
2718,44923675194
2719,44972503319
2720,45021331444
2721,45070159569
2722,45118987694
2723,45167815819
2724,45216643944
2725,45265472069
2726,45314300194
2727,45363128319
2728,45411956444
2729,45460784569
2730,45509612694
2731,45558440819
2732,45607268944
2733,45656097069
2734,45704925194
2735,45753753319
2736,45802581444
2737,45851409569
2738,45900237694
2739,45949065819
2740,45997893944
2741,46046722069
2742,46095550194
2743,46144378319
2744,46193206444
2745,46242034569
2746,46290862694
2747,46339690819
2748,46388518944
2749,46437347069
2750,46486175194
2751,46535003319
2752,46583831444
2753,46632659569
2754,46681487694
2755,46730315819
2756,46779143944
2757,46827972069
2758,46876800194
2759,46925628319
2760,46974456444
2761,47023284569
2762,47072112694
2763,47120940819
2764,47169768944
2765,47218597069
2766,47267425194
2767,47316253319
2768,47365081444
2769,47413909569
2770,47462737694
2771,47511565819
2772,47560393944
2773,47609222069
2774,47658050194
2775,47706878319
2776,47755706444
2777,47804534569
2778,47853362694
2779,47902190819
2780,47951018944
2781,47999847069
2782,48048675194
2783,48097503319
2784,48146331444
2785,48195159569
2786,48243987694
2787,48292815819
2788,48341643944
2789,48390472069
2790,48439300194
2791,48488128319
2792,48536956444
2793,48585784569
2794,48634612694
2795,48683440819
2796,48732268944
2797,48781097069
2798,48829925194
2799,48878753319
2800,48927581444
2801,48976409569
2802,49025237694
2803,49074065819
2804,49122893944
2805,49171722069
2806,49220550194
2807,49269378319
2808,49318206444
2809,49367034569
2810,49415862694
2811,49464690819
2812,49513518944
2813,49562347069
2814,49611175194
2815,49660003319
2816,49708831444
2817,49757659569
2818,49806487694
2819,49855315819
2820,49904143944
2821,49952972069
2822,50001800194
2823,50050628319
2824,50099456444
2825,50148284569
2826,50197112694
2827,50245940819
2828,50294768944
2829,50343597069
2830,50392425194
2831,50441253319
2832,50490081444
2833,50538909569
2834,50587737694
2835,50636565819
2836,50685393944
2837,50734222069
2838,50783050194
2839,50831878319
2840,50880706444
2841,50929534569
2842,50978362694
2843,51027190819
2844,51076018944
2845,51124847069
2846,51173675194
2847,51222503319
2848,51271331444
2849,51320159569
2850,51368987694
2851,51417815819
2852,51466643944
2853,51515472069
2854,51564300194
2855,51613128319
2856,51661956444
2857,51710784569
2858,51759612694
2859,51808440819
2860,51857268944
2861,51906097069
2862,51954925194
2863,52003753319
2864,52052581444
2865,52101409569
2866,52150237694
2867,52199065819
2868,52247893944
2869,52296722069
2870,52345550194
2871,52394378319
2872,52443206444
2873,52492034569
2874,52540862694
2875,52589690819
2876,52638518944
2877,52687347069
2878,52736175194
2879,52785003319
2880,52833831444
2881,52882659569
2882,52931487694
2883,52980315819
2884,53029143944
2885,53077972069
2886,53126800194
2887,53175628319
2888,53224456444
2889,53273284569
2890,53322112694
2891,53370940819
2892,53419768944
2893,53468597069
2894,53517425194
2895,53566253319
2896,53615081444
2897,53663909569
2898,53712737694
2899,53761565819
2900,53810393944
2901,53859222069
2902,53908050194
2903,53956878319
2904,54005706444
2905,54054534569
2906,54103362694
2907,54152190819
2908,54201018944
2909,54249847069
2910,54298675194
2911,54347503319
2912,54396331444
2913,54445159569
2914,54493987694
2915,54542815819
2916,54591643944
2917,54640472069
2918,54689300194
2919,54738128319
2920,54786956444
2921,54835784569
2922,54884612694
2923,54933440819
2924,54982268944
2925,55031097069
2926,55079925194
2927,55128753319
2928,55177581444
2929,55226409569
2930,55275237694
2931,55324065819
2932,55372893944
2933,55421722069
2934,55470550194
2935,55519378319
2936,55568206444
2937,55617034569
2938,55665862694
2939,55714690819
2940,55763518944
2941,55812347069
2942,55861175194
2943,55910003319
2944,55958831444
2945,56007659569
2946,56056487694
2947,56105315819
2948,56154143944
2949,56202972069
2950,56251800194
2951,56300628319
2952,56349456444
2953,56398284569
2954,56447112694
2955,56495940819
2956,56544768944
2957,56593597069
2958,56642425194
2959,56691253319
2960,56740081444
2961,56788909569
2962,56837737694
2963,56886565819
2964,56935393944
2965,56984222069
2966,57033050194
2967,57081878319
2968,57130706444
2969,57179534569
2970,57228362694
2971,57277190819
2972,57326018944
2973,57374847069
2974,57423675194
2975,57472503319
2976,57521331444
2977,57570159569
2978,57618987694
2979,57667815819
2980,57716643944
2981,57765472069
2982,57814300194
2983,57863128319
2984,57911956444
2985,57960784569
2986,58009612694
2987,58058440819
2988,58107268944
2989,58156097069
2990,58204925194
2991,58253753319
2992,58302581444
2993,58351409569
2994,58400237694
2995,58449065819
2996,58497893944
2997,58546722069
2998,58595550194
2999,58644378319
3000,58693206444
3001,58742034569
3002,58790862694
3003,58839690819
3004,58888518944
3005,58937347069
3006,58986175194
3007,59035003319
3008,59083831444
3009,59132659569
3010,59181487694
3011,59230315819
3012,59279143944
3013,59327972069
3014,59376800194
3015,59425628319
3016,59474456444
3017,59523284569
3018,59572112694
3019,59620940819
3020,59669768944
3021,59718597069
3022,59767425194
3023,59816253319
3024,59865081444
3025,59913909569
3026,59962737694
3027,60011565819
3028,60060393944
3029,60109222069
3030,60158050194
3031,60206878319
3032,60255706444
3033,60304534569
3034,60353362694
3035,60402190819
3036,60451018944
3037,60499847069
3038,60548675194
3039,60597503319
3040,60646331444
3041,60695159569
3042,60743987694
3043,60792815819
3044,60841643944
3045,60890472069
3046,60939300194
3047,60988128319
3048,61036956444
3049,61085784569
3050,61134612694
3051,61183440819
3052,61232268944
3053,61281097069
3054,61329925194
3055,61378753319
3056,61427581444
3057,61476409569
3058,61525237694
3059,61574065819
3060,61622893944
3061,61671722069
3062,61720550194
3063,61769378319
3064,61818206444
3065,61867034569
3066,61915862694
3067,61964690819
3068,62013518944
3069,62062347069
3070,62111175194
3071,62160003319
3072,62208831444
3073,62257659569
3074,62306487694
3075,62355315819
3076,62404143944
3077,62452972069
3078,62501800194
3079,62550628319
3080,62599456444
3081,62648284569
3082,62697112694
3083,62745940819
3084,62794768944
3085,62843597069
3086,62892425194
3087,62941253319
3088,62990081444
3089,63038909569
3090,63087737694
3091,63136565819
3092,63185393944
3093,63234222069
3094,63283050194
3095,63331878319
3096,63380706444
3097,63429534569
3098,63478362694
3099,63527190819
3100,63576018944
3101,63624847069
3102,63673675194
3103,63722503319
3104,63771331444
3105,63820159569
3106,63868987694
3107,63917815819
3108,63966643944
3109,64015472069
3110,64064300194
3111,64113128319
3112,64161956444
3113,64210784569
3114,64259612694
3115,64308440819
3116,64357268944
3117,64406097069
3118,64454925194
3119,64503753319
3120,64552581444
3121,64601409569
3122,64650237694
3123,64699065819
3124,64747893944
3125,64796722069
3126,64845550194
3127,64894378319
3128,64943206444
3129,64992034569
3130,65040862694
3131,65089690819
3132,65138518944
3133,65187347069
3134,65236175194
3135,65285003319
3136,65333831444
3137,65382659569
3138,65431487694
3139,65480315819
3140,65529143944
3141,65577972069
3142,65626800194
3143,65675628319
3144,65724456444
3145,65773284569
3146,65822112694
3147,65870940819
3148,65919768944
3149,65968597069
3150,66017425194
3151,66066253319
3152,66115081444
3153,66163909569
3154,66212737694
3155,66261565819
3156,66310393944
3157,66359222069
3158,66408050194
3159,66456878319
3160,66505706444
3161,66554534569
3162,66603362694
3163,66652190819
3164,66701018944
3165,66749847069
3166,66798675194
3167,66847503319
3168,66896331444
3169,66945159569
3170,66993987694
3171,67042815819
3172,67091643944
3173,67140472069
3174,67189300194
3175,67238128319
3176,67286956444
3177,67335784569
3178,67384612694
3179,67433440819
3180,67482268944
3181,67531097069
3182,67579925194
3183,67628753319
3184,67677581444
3185,67726409569
3186,67775237694
3187,67824065819
3188,67872893944
3189,67921722069
3190,67970550194
3191,68019378319
3192,68068206444
3193,68117034569
3194,68165862694
3195,68214690819
3196,68263518944
3197,68312347069
3198,68361175194
3199,68410003319
3200,68458831444
3201,68507659569
3202,68556487694
3203,68605315819
3204,68654143944
3205,68702972069
3206,68751800194
3207,68800628319
3208,68849456444
3209,68898284569
3210,68947112694
3211,68995940819
3212,69044768944
3213,69093597069
3214,69142425194
3215,69191253319
3216,69240081444
3217,69288909569
3218,69337737694
3219,69386565819
3220,69435393944
3221,69484222069
3222,69533050194
3223,69581878319
3224,69630706444
3225,69679534569
3226,69728362694
3227,69777190819
3228,69826018944
3229,69874847069
3230,69923675194
3231,69972503319
3232,70021331444
3233,70070159569
3234,70118987694
3235,70167815819
3236,70216643944
3237,70265472069
3238,70314300194
3239,70363128319
3240,70411956444
3241,70460784569
3242,70509612694
3243,70558440819
3244,70607268944
3245,70656097069
3246,70704925194
3247,70753753319
3248,70802581444
3249,70851409569
3250,70900237694
3251,70949065819
3252,70997893944
3253,71046722069
3254,71095550194
3255,71144378319
3256,71193206444
3257,71242034569
3258,71290862694
3259,71339690819
3260,71388518944
3261,71437347069
3262,71486175194
3263,71535003319
3264,71583831444
3265,71632659569
3266,71681487694
3267,71730315819
3268,71779143944
3269,71827972069
3270,71876800194
3271,71925628319
3272,71974456444
3273,72023284569
3274,72072112694
3275,72120940819
3276,72169768944
3277,72218597069
3278,72267425194
3279,72316253319
3280,72365081444
3281,72413909569
3282,72462737694
3283,72511565819
3284,72560393944
3285,72609222069
3286,72658050194
3287,72706878319
3288,72755706444
3289,72804534569
3290,72853362694
3291,72902190819
3292,72951018944
3293,72999847069
3294,73048675194
3295,73097503319
3296,73146331444
3297,73195159569
3298,73243987694
3299,73292815819
3300,73341643944
3301,73390472069
3302,73439300194
3303,73488128319
3304,73536956444
3305,73585784569
3306,73634612694
3307,73683440819
3308,73732268944
3309,73781097069
3310,73829925194
3311,73878753319
3312,73927581444
3313,73976409569
3314,74025237694
3315,74074065819
3316,74122893944
3317,74171722069
3318,74220550194
3319,74269378319
3320,74318206444
3321,74367034569
3322,74415862694
3323,74464690819
3324,74513518944
3325,74562347069
3326,74611175194
3327,74660003319
3328,74708831444
3329,74757659569
3330,74806487694
3331,74855315819
3332,74904143944
3333,74952972069
3334,75001800194
3335,75050628319
3336,75099456444
3337,75148284569
3338,75197112694
3339,75245940819
3340,75294768944
3341,75343597069
3342,75392425194
3343,75441253319
3344,75490081444
3345,75538909569
3346,75587737694
3347,75636565819
3348,75685393944
3349,75734222069
3350,75783050194
3351,75831878319
3352,75880706444
3353,75929534569
3354,75978362694
3355,76027190819
3356,76076018944
3357,76124847069
3358,76173675194
3359,76222503319
3360,76271331444
3361,76320159569
3362,76368987694
3363,76417815819
3364,76466643944
3365,76515472069
3366,76564300194
3367,76613128319
3368,76661956444
3369,76710784569
3370,76759612694
3371,76808440819
3372,76857268944
3373,76906097069
3374,76954925194
3375,77003753319
3376,77052581444
3377,77101409569
3378,77150237694
3379,77199065819
3380,77247893944
3381,77296722069
3382,77345550194
3383,77394378319
3384,77443206444
3385,77492034569
3386,77540862694
3387,77589690819
3388,77638518944
3389,77687347069
3390,77736175194
3391,77785003319
3392,77833831444
3393,77882659569
3394,77931487694
3395,77980315819
3396,78029143944
3397,78077972069
3398,78126800194
3399,78175628319
3400,78224456444
3401,78273284569
3402,78322112694
3403,78370940819
3404,78419768944
3405,78468597069
3406,78517425194
3407,78566253319
3408,78615081444
3409,78663909569
3410,78712737694
3411,78761565819
3412,78810393944
3413,78859222069
3414,78908050194
3415,78956878319
3416,79005706444
3417,79054534569
3418,79103362694
3419,79152190819
3420,79201018944
3421,79249847069
3422,79298675194
3423,79347503319
3424,79396331444
3425,79445159569
3426,79493987694
3427,79542815819
3428,79591643944
3429,79640472069
3430,79689300194
3431,79738128319
3432,79786956444
3433,79835784569
3434,79884612694
3435,79933440819
3436,79982268944
3437,80031097069
3438,80079925194
3439,80128753319
3440,80177581444
3441,80226409569
3442,80275237694
3443,80324065819
3444,80372893944
3445,80421722069
3446,80470550194
3447,80519378319
3448,80568206444
3449,80617034569
3450,80665862694
3451,80714690819
3452,80763518944
3453,80812347069
3454,80861175194
3455,80910003319
3456,80958831444
3457,81007659569
3458,81056487694
3459,81105315819
3460,81154143944
3461,81202972069
3462,81251800194
3463,81300628319
3464,81349456444
3465,81398284569
3466,81447112694
3467,81495940819
3468,81544768944
3469,81593597069
3470,81642425194
3471,81691253319
3472,81740081444
3473,81788909569
3474,81837737694
3475,81886565819
3476,81935393944
3477,81984222069
3478,82033050194
3479,82081878319
3480,82130706444
3481,82179534569
3482,82228362694
3483,82277190819
3484,82326018944
3485,82374847069
3486,82423675194
3487,82472503319
3488,82521331444
3489,82570159569
3490,82618987694
3491,82667815819
3492,82716643944
3493,82765472069
3494,82814300194
3495,82863128319
3496,82911956444
3497,82960784569
3498,83009612694
3499,83058440819
3500,83107268944
3501,83156097069
3502,83204925194
3503,83253753319
3504,83302581444
3505,83351409569
3506,83400237694
3507,83449065819
3508,83497893944
3509,83546722069
3510,83595550194
3511,83644378319
3512,83693206444
3513,83742034569
3514,83790862694
3515,83839690819
3516,83888518944
3517,83937347069
3518,83986175194
3519,84035003319
3520,84083831444
3521,84132659569
3522,84181487694
3523,84230315819
3524,84279143944
3525,84327972069
3526,84376800194
3527,84425628319
3528,84474456444
3529,84523284569
3530,84572112694
3531,84620940819
3532,84669768944
3533,84718597069
3534,84767425194
3535,84816253319
3536,84865081444
3537,84913909569
3538,84962737694
3539,85011565819
3540,85060393944
3541,85109222069
3542,85158050194
3543,85206878319
3544,85255706444
3545,85304534569
3546,85353362694
3547,85402190819
3548,85451018944
3549,85499847069
3550,85548675194
3551,85597503319
3552,85646331444
3553,85695159569
3554,85743987694
3555,85792815819
3556,85841643944
3557,85890472069
3558,85939300194
3559,85988128319
3560,86036956444
3561,86085784569
3562,86134612694
3563,86183440819
3564,86232268944
3565,86281097069
3566,86329925194
3567,86378753319
3568,86427581444
3569,86476409569
3570,86525237694
3571,86574065819
3572,86622893944
3573,86671722069
3574,86720550194
3575,86769378319
3576,86818206444
3577,86867034569
3578,86915862694
3579,86964690819
3580,87013518944
3581,87062347069
3582,87111175194
3583,87160003319
3584,87208831444
3585,87257659569
3586,87306487694
3587,87355315819
3588,87404143944
3589,87452972069
3590,87501800194
3591,87550628319
3592,87599456444
3593,87648284569
3594,87697112694
3595,87745940819
3596,87794768944
3597,87843597069
3598,87892425194
3599,87941253319
3600,87990081444
3601,88038909569
3602,88087737694
3603,88136565819
3604,88185393944
3605,88234222069
3606,88283050194
3607,88331878319
3608,88380706444
3609,88429534569
3610,88478362694
3611,88527190819
3612,88576018944
3613,88624847069
3614,88673675194
3615,88722503319
3616,88771331444
3617,88820159569
3618,88868987694
3619,88917815819
3620,88966643944
3621,89015472069
3622,89064300194
3623,89113128319
3624,89161956444
3625,89210784569
3626,89259612694
3627,89308440819
3628,89357268944
3629,89406097069
3630,89454925194
3631,89503753319
3632,89552581444
3633,89601409569
3634,89650237694
3635,89699065819
3636,89747893944
3637,89796722069
3638,89845550194
3639,89894378319
3640,89943206444
3641,89992034569
3642,90040862694
3643,90089690819
3644,90138518944
3645,90187347069
3646,90236175194
3647,90285003319
3648,90333831444
3649,90382659569
3650,90431487694
3651,90480315819
3652,90529143944
3653,90577972069
3654,90626800194
3655,90675628319
3656,90724456444
3657,90773284569
3658,90822112694
3659,90870940819
3660,90919768944
3661,90968597069
3662,91017425194
3663,91066253319
3664,91115081444
3665,91163909569
3666,91212737694
3667,91261565819
3668,91310393944
3669,91359222069
3670,91408050194
3671,91456878319
3672,91505706444
3673,91554534569
3674,91603362694
3675,91652190819
3676,91701018944
3677,91749847069
3678,91798675194
3679,91847503319
3680,91896331444
3681,91945159569
3682,91993987694
3683,92042815819
3684,92091643944
3685,92140472069
3686,92189300194
3687,92238128319
3688,92286956444
3689,92335784569
3690,92384612694
3691,92433440819
3692,92482268944
3693,92531097069
3694,92579925194
3695,92628753319
3696,92677581444
3697,92726409569
3698,92775237694
3699,92824065819
3700,92872893944
3701,92921722069
3702,92970550194
3703,93019378319
3704,93068206444
3705,93117034569
3706,93165862694
3707,93214690819
3708,93263518944
3709,93312347069
3710,93361175194
3711,93410003319
3712,93458831444
3713,93507659569
3714,93556487694
3715,93605315819
3716,93654143944
3717,93702972069
3718,93751800194
3719,93800628319
3720,93849456444
3721,93898284569
3722,93947112694
3723,93995940819
3724,94044768944
3725,94093597069
3726,94142425194
3727,94191253319
3728,94240081444
3729,94288909569
3730,94337737694
3731,94386565819
3732,94435393944
3733,94484222069
3734,94533050194
3735,94581878319
3736,94630706444
3737,94679534569
3738,94728362694
3739,94777190819
3740,94826018944
3741,94874847069
3742,94923675194
3743,94972503319
3744,95021331444
3745,95070159569
3746,95118987694
3747,95167815819
3748,95216643944
3749,95265472069
3750,95314300194
3751,95363128319
3752,95411956444
3753,95460784569
3754,95509612694
3755,95558440819
3756,95607268944
3757,95656097069
3758,95704925194
3759,95753753319
3760,95802581444
3761,95851409569
3762,95900237694
3763,95949065819
3764,95997893944
3765,96046722069
3766,96095550194
3767,96144378319
3768,96193206444
3769,96242034569
3770,96290862694
3771,96339690819
3772,96388518944
3773,96437347069
3774,96486175194
3775,96535003319
3776,96583831444
3777,96632659569
3778,96681487694
3779,96730315819
3780,96779143944
3781,96827972069
3782,96876800194
3783,96925628319
3784,96974456444
3785,97023284569
3786,97072112694
3787,97120940819
3788,97169768944
3789,97218597069
3790,97267425194
3791,97316253319
3792,97365081444
3793,97413909569
3794,97462737694
3795,97511565819
3796,97560393944
3797,97609222069
3798,97658050194
3799,97706878319
3800,97755706444
3801,97804534569
3802,97853362694
3803,97902190819
3804,97951018944
3805,97999847069
3806,98048675194
3807,98097503319
3808,98146331444
3809,98195159569
3810,98243987694
3811,98292815819
3812,98341643944
3813,98390472069
3814,98439300194
3815,98488128319
3816,98536956444
3817,98585784569
3818,98634612694
3819,98683440819
3820,98732268944
3821,98781097069
3822,98829925194
3823,98878753319
3824,98927581444
3825,98976409569
3826,99025237694
3827,99074065819
3828,99122893944
3829,99171722069
3830,99220550194
3831,99269378319
3832,99318206444
3833,99367034569
3834,99415862694
3835,99464690819
3836,99513518944
3837,99562347069
3838,99611175194
3839,99660003319
3840,99708831444
3841,99757659569
3842,99806487694
3843,99855315819
3844,99904143944
3845,99952972069
3846,100001800194
3847,100050628319
3848,100099456444
3849,100148284569
3850,100197112694
3851,100245940819
3852,100294768944
3853,100343597069
3854,100392425194
3855,100441253319
3856,100490081444
3857,100538909569
3858,100587737694
3859,100636565819
3860,100685393944
3861,100734222069
3862,100783050194
3863,100831878319
3864,100880706444
3865,100929534569
3866,100978362694
3867,101027190819
3868,101076018944
3869,101124847069
3870,101173675194
3871,101222503319
3872,101271331444
3873,101320159569
3874,101368987694
3875,101417815819
3876,101466643944
3877,101515472069
3878,101564300194
3879,101613128319
3880,101661956444
3881,101710784569
3882,101759612694
3883,101808440819
3884,101857268944
3885,101906097069
3886,101954925194
3887,102003753319
3888,102052581444
3889,102101409569
3890,102150237694
3891,102199065819
3892,102247893944
3893,102296722069
3894,102345550194
3895,102394378319
3896,102443206444
3897,102492034569
3898,102540862694
3899,102589690819
3900,102638518944
3901,102687347069
3902,102736175194
3903,102785003319
3904,102833831444
3905,102882659569
3906,102931487694
3907,102980315819
3908,103029143944
3909,103077972069
3910,103126800194
3911,103175628319
3912,103224456444
3913,103273284569
3914,103322112694
3915,103370940819
3916,103419768944
3917,103468597069
3918,103517425194
3919,103566253319
3920,103615081444
3921,103663909569
3922,103712737694
3923,103761565819
3924,103810393944
3925,103859222069
3926,103908050194
3927,103956878319
3928,104005706444
3929,104054534569
3930,104103362694
3931,104152190819
3932,104201018944
3933,104249847069
3934,104298675194
3935,104347503319
3936,104396331444
3937,104445159569
3938,104493987694
3939,104542815819
3940,104591643944
3941,104640472069
3942,104689300194
3943,104738128319
3944,104786956444
3945,104835784569
3946,104884612694
3947,104933440819
3948,104982268944
3949,105031097069
3950,105079925194
3951,105128753319
3952,105177581444
3953,105226409569
3954,105275237694
3955,105324065819
3956,105372893944
3957,105421722069
3958,105470550194
3959,105519378319
3960,105568206444
3961,105617034569
3962,105665862694
3963,105714690819
3964,105763518944
3965,105812347069
3966,105861175194
3967,105910003319
3968,105958831444
3969,106007659569
3970,106056487694
3971,106105315819
3972,106154143944
3973,106202972069
3974,106251800194
3975,106300628319
3976,106349456444
3977,106398284569
3978,106447112694
3979,106495940819
3980,106544768944
3981,106593597069
3982,106642425194
3983,106691253319
3984,106740081444
3985,106788909569
3986,106837737694
3987,106886565819
3988,106935393944
3989,106984222069
3990,107033050194
3991,107081878319
3992,107130706444
3993,107179534569
3994,107228362694
3995,107277190819
3996,107326018944
3997,107374847069
3998,107423675194
3999,107472503319
4000,107521331444
4001,107570159569
4002,107618987694
4003,107667815819
4004,107716643944
4005,107765472069
4006,107814300194
4007,107863128319
4008,107911956444
4009,107960784569
4010,108009612694
4011,108058440819
4012,108107268944
4013,108156097069
4014,108204925194
4015,108253753319
4016,108302581444
4017,108351409569
4018,108400237694
4019,108449065819
4020,108497893944
4021,108546722069
4022,108595550194
4023,108644378319
4024,108693206444
4025,108742034569
4026,108790862694
4027,108839690819
4028,108888518944
4029,108937347069
4030,108986175194
4031,109035003319
4032,109083831444
4033,109132659569
4034,109181487694
4035,109230315819
4036,109279143944
4037,109327972069
4038,109376800194
4039,109425628319
4040,109474456444
4041,109523284569
4042,109572112694
4043,109620940819
4044,109669768944
4045,109718597069
4046,109767425194
4047,109816253319
4048,109865081444
4049,109913909569
4050,109962737694
4051,110011565819
4052,110060393944
4053,110109222069
4054,110158050194
4055,110206878319
4056,110255706444
4057,110304534569
4058,110353362694
4059,110402190819
4060,110451018944
4061,110499847069
4062,110548675194
4063,110597503319
4064,110646331444
4065,110695159569
4066,110743987694
4067,110792815819
4068,110841643944
4069,110890472069
4070,110939300194
4071,110988128319
4072,111036956444
4073,111085784569
4074,111134612694
4075,111183440819
4076,111232268944
4077,111281097069
4078,111329925194
4079,111378753319
4080,111427581444
4081,111476409569
4082,111525237694
4083,111574065819
4084,111622893944
4085,111671722069
4086,111720550194
4087,111769378319
4088,111818206444
4089,111867034569
4090,111915862694
4091,111964690819
4092,112013518944
4093,112062347069
4094,112111175194
4095,112160003319
4096,112208831444
4097,112257659569
4098,112306487694
4099,112355315819
4100,112404143944
4101,112452972069
4102,112501800194
4103,112550628319
4104,112599456444
4105,112648284569
4106,112697112694
4107,112745940819
4108,112794768944
4109,112843597069
4110,112892425194
4111,112941253319
4112,112990081444
4113,113038909569
4114,113087737694
4115,113136565819
4116,113185393944
4117,113234222069
4118,113283050194
4119,113331878319
4120,113380706444
4121,113429534569
4122,113478362694
4123,113527190819
4124,113576018944
4125,113624847069
4126,113673675194
4127,113722503319
4128,113771331444
4129,113820159569
4130,113868987694
4131,113917815819
4132,113966643944
4133,114015472069
4134,114064300194
4135,114113128319
4136,114161956444
4137,114210784569
4138,114259612694
4139,114308440819
4140,114357268944
4141,114406097069
4142,114454925194
4143,114503753319
4144,114552581444
4145,114601409569
4146,114650237694
4147,114699065819
4148,114747893944
4149,114796722069
4150,114845550194
4151,114894378319
4152,114943206444
4153,114992034569
4154,115040862694
4155,115089690819
4156,115138518944
4157,115187347069
4158,115236175194
4159,115285003319
4160,115333831444
4161,115382659569
4162,115431487694
4163,115480315819
4164,115529143944
4165,115577972069
4166,115626800194
4167,115675628319
4168,115724456444
4169,115773284569
4170,115822112694
4171,115870940819
4172,115919768944
4173,115968597069
4174,116017425194
4175,116066253319
4176,116115081444
4177,116163909569
4178,116212737694
4179,116261565819
4180,116310393944
4181,116359222069
4182,116408050194
4183,116456878319
4184,116505706444
4185,116554534569
4186,116603362694
4187,116652190819
4188,116701018944
4189,116749847069
4190,116798675194
4191,116847503319
4192,116896331444
4193,116945159569
4194,116993987694
4195,117042815819
4196,117091643944
4197,117140472069
4198,117189300194
4199,117238128319
4200,117286956444
4201,117335784569
4202,117384612694
4203,117433440819
4204,117482268944
4205,117531097069
4206,117579925194
4207,117628753319
4208,117677581444
4209,117726409569
4210,117775237694
4211,117824065819
4212,117872893944
4213,117921722069
4214,117970550194
4215,118019378319
4216,118068206444
4217,118117034569
4218,118165862694
4219,118214690819
4220,118263518944
4221,118312347069
4222,118361175194
4223,118410003319
4224,118458831444
4225,118507659569
4226,118556487694
4227,118605315819
4228,118654143944
4229,118702972069
4230,118751800194
4231,118800628319
4232,118849456444
4233,118898284569
4234,118947112694
4235,118995940819
4236,119044768944
4237,119093597069
4238,119142425194
4239,119191253319
4240,119240081444
4241,119288909569
4242,119337737694
4243,119386565819
4244,119435393944
4245,119484222069
4246,119533050194
4247,119581878319
4248,119630706444
4249,119679534569
4250,119728362694
4251,119777190819
4252,119826018944
4253,119874847069
4254,119923675194
4255,119972503319
4256,120021331444
4257,120070159569
4258,120118987694
4259,120167815819
4260,120216643944
4261,120265472069
4262,120314300194
4263,120363128319
4264,120411956444
4265,120460784569
4266,120509612694
4267,120558440819
4268,120607268944
4269,120656097069
4270,120704925194
4271,120753753319
4272,120802581444
4273,120851409569
4274,120900237694
4275,120949065819
4276,120997893944
4277,121046722069
4278,121095550194
4279,121144378319
4280,121193206444
4281,121242034569
4282,121290862694
4283,121339690819
4284,121388518944
4285,121437347069
4286,121486175194
4287,121535003319
4288,121583831444
4289,121632659569
4290,121681487694
4291,121730315819
4292,121779143944
4293,121827972069
4294,121876800194
4295,121925628319
4296,121974456444
4297,122023284569
4298,122072112694
4299,122120940819
4300,122169768944
4301,122218597069
4302,122267425194
4303,122316253319
4304,122365081444
4305,122413909569
4306,122462737694
4307,122511565819
4308,122560393944
4309,122609222069
4310,122658050194
4311,122706878319
4312,122755706444
4313,122804534569
4314,122853362694
4315,122902190819
4316,122951018944
4317,122999847069
4318,123048675194
4319,123097503319
4320,123146331444
4321,123195159569
4322,123243987694
4323,123292815819
4324,123341643944
4325,123390472069
4326,123439300194
4327,123488128319
4328,123536956444
4329,123585784569
4330,123634612694
4331,123683440819
4332,123732268944
4333,123781097069
4334,123829925194
4335,123878753319
4336,123927581444
4337,123976409569
4338,124025237694
4339,124074065819
4340,124122893944
4341,124171722069
4342,124220550194
4343,124269378319
4344,124318206444
4345,124367034569
4346,124415862694
4347,124464690819
4348,124513518944
4349,124562347069
4350,124611175194
4351,124660003319
4352,124708831444
4353,124757659569
4354,124806487694
4355,124855315819
4356,124904143944
4357,124952972069
4358,125001800194
4359,125050628319
4360,125099456444
4361,125148284569
4362,125197112694
4363,125245940819
4364,125294768944
4365,125343597069
4366,125392425194
4367,125441253319
4368,125490081444
4369,125538909569
4370,125587737694
4371,125636565819
4372,125685393944
4373,125734222069
4374,125783050194
4375,125831878319
4376,125880706444
4377,125929534569
4378,125978362694
4379,126027190819
4380,126076018944
4381,126124847069
4382,126173675194
4383,126222503319
4384,126271331444
4385,126320159569
4386,126368987694
4387,126417815819
4388,126466643944
4389,126515472069
4390,126564300194
4391,126613128319
4392,126661956444
4393,126710784569
4394,126759612694
4395,126808440819
4396,126857268944
4397,126906097069
4398,126954925194
4399,127003753319
4400,127052581444
4401,127101409569
4402,127150237694
4403,127199065819
4404,127247893944
4405,127296722069
4406,127345550194
4407,127394378319
4408,127443206444
4409,127492034569
4410,127540862694
4411,127589690819
4412,127638518944
4413,127687347069
4414,127736175194
4415,127785003319
4416,127833831444
4417,127882659569
4418,127931487694
4419,127980315819
4420,128029143944
4421,128077972069
4422,128126800194
4423,128175628319
4424,128224456444
4425,128273284569
4426,128322112694
4427,128370940819
4428,128419768944
4429,128468597069
4430,128517425194
4431,128566253319
4432,128615081444
4433,128663909569
4434,128712737694
4435,128761565819
4436,128810393944
4437,128859222069
4438,128908050194
4439,128956878319
4440,129005706444
4441,129054534569
4442,129103362694
4443,129152190819
4444,129201018944
4445,129249847069
4446,129298675194
4447,129347503319
4448,129396331444
4449,129445159569
4450,129493987694
4451,129542815819
4452,129591643944
4453,129640472069
4454,129689300194
4455,129738128319
4456,129786956444
4457,129835784569
4458,129884612694
4459,129933440819
4460,129982268944
4461,130031097069
4462,130079925194
4463,130128753319
4464,130177581444
4465,130226409569
4466,130275237694
4467,130324065819
4468,130372893944
4469,130421722069
4470,130470550194
4471,130519378319
4472,130568206444
4473,130617034569
4474,130665862694
4475,130714690819
4476,130763518944
4477,130812347069
4478,130861175194
4479,130910003319
4480,130958831444
4481,131007659569
4482,131056487694
4483,131105315819
4484,131154143944
4485,131202972069
4486,131251800194
4487,131300628319
4488,131349456444
4489,131398284569
4490,131447112694
4491,131495940819
4492,131544768944
4493,131593597069
4494,131642425194
4495,131691253319
4496,131740081444
4497,131788909569
4498,131837737694
4499,131886565819
4500,131935393944
4501,131984222069
4502,132033050194
4503,132081878319
4504,132130706444
4505,132179534569
4506,132228362694
4507,132277190819
4508,132326018944
4509,132374847069
4510,132423675194
4511,132472503319
4512,132521331444
4513,132570159569
4514,132618987694
4515,132667815819
4516,132716643944
4517,132765472069
4518,132814300194
4519,132863128319
4520,132911956444
4521,132960784569
4522,133009612694
4523,133058440819
4524,133107268944
4525,133156097069
4526,133204925194
4527,133253753319
4528,133302581444
4529,133351409569
4530,133400237694
4531,133449065819
4532,133497893944
4533,133546722069
4534,133595550194
4535,133644378319
4536,133693206444
4537,133742034569
4538,133790862694
4539,133839690819
4540,133888518944
4541,133937347069
4542,133986175194
4543,134035003319
4544,134083831444
4545,134132659569
4546,134181487694
4547,134230315819
4548,134279143944
4549,134327972069
4550,134376800194
4551,134425628319
4552,134474456444
4553,134523284569
4554,134572112694
4555,134620940819
4556,134669768944
4557,134718597069
4558,134767425194
4559,134816253319
4560,134865081444
4561,134913909569
4562,134962737694
4563,135011565819
4564,135060393944
4565,135109222069
4566,135158050194
4567,135206878319
4568,135255706444
4569,135304534569
4570,135353362694
4571,135402190819
4572,135451018944
4573,135499847069
4574,135548675194
4575,135597503319
4576,135646331444
4577,135695159569
4578,135743987694
4579,135792815819
4580,135841643944
4581,135890472069
4582,135939300194
4583,135988128319
4584,136036956444
4585,136085784569
4586,136134612694
4587,136183440819
4588,136232268944
4589,136281097069
4590,136329925194
4591,136378753319
4592,136427581444
4593,136476409569
4594,136525237694
4595,136574065819
4596,136622893944
4597,136671722069
4598,136720550194
4599,136769378319
4600,136818206444
4601,136867034569
4602,136915862694
4603,136964690819
4604,137013518944
4605,137062347069
4606,137111175194
4607,137160003319
4608,137208831444
4609,137257659569
4610,137306487694
4611,137355315819
4612,137404143944
4613,137452972069
4614,137501800194
4615,137550628319
4616,137599456444
4617,137648284569
4618,137697112694
4619,137745940819
4620,137794768944
4621,137843597069
4622,137892425194
4623,137941253319
4624,137990081444
4625,138038909569
4626,138087737694
4627,138136565819
4628,138185393944
4629,138234222069
4630,138283050194
4631,138331878319
4632,138380706444
4633,138429534569
4634,138478362694
4635,138527190819
4636,138576018944
4637,138624847069
4638,138673675194
4639,138722503319
4640,138771331444
4641,138820159569
4642,138868987694
4643,138917815819
4644,138966643944
4645,139015472069
4646,139064300194
4647,139113128319
4648,139161956444
4649,139210784569
4650,139259612694
4651,139308440819
4652,139357268944
4653,139406097069
4654,139454925194
4655,139503753319
4656,139552581444
4657,139601409569
4658,139650237694
4659,139699065819
4660,139747893944
4661,139796722069
4662,139845550194
4663,139894378319
4664,139943206444
4665,139992034569
4666,140040862694
4667,140089690819
4668,140138518944
4669,140187347069
4670,140236175194
4671,140285003319
4672,140333831444
4673,140382659569
4674,140431487694
4675,140480315819
4676,140529143944
4677,140577972069
4678,140626800194
4679,140675628319
4680,140724456444
4681,140773284569
4682,140822112694
4683,140870940819
4684,140919768944
4685,140968597069
4686,141017425194
4687,141066253319
4688,141115081444
4689,141163909569
4690,141212737694
4691,141261565819
4692,141310393944
4693,141359222069
4694,141408050194
4695,141456878319
4696,141505706444
4697,141554534569
4698,141603362694
4699,141652190819
4700,141701018944
4701,141749847069
4702,141798675194
4703,141847503319
4704,141896331444
4705,141945159569
4706,141993987694
4707,142042815819
4708,142091643944
4709,142140472069
4710,142189300194
4711,142238128319
4712,142286956444
4713,142335784569
4714,142384612694
4715,142433440819
4716,142482268944
4717,142531097069
4718,142579925194
4719,142628753319
4720,142677581444
4721,142726409569
4722,142775237694
4723,142824065819
4724,142872893944
4725,142921722069
4726,142970550194
4727,143019378319
4728,143068206444
4729,143117034569
4730,143165862694
4731,143214690819
4732,143263518944
4733,143312347069
4734,143361175194
4735,143410003319
4736,143458831444
4737,143507659569
4738,143556487694
4739,143605315819
4740,143654143944
4741,143702972069
4742,143751800194
4743,143800628319
4744,143849456444
4745,143898284569
4746,143947112694
4747,143995940819
4748,144044768944
4749,144093597069
4750,144142425194
4751,144191253319
4752,144240081444
4753,144288909569
4754,144337737694
4755,144386565819
4756,144435393944
4757,144484222069
4758,144533050194
4759,144581878319
4760,144630706444
4761,144679534569
4762,144728362694
4763,144777190819
4764,144826018944
4765,144874847069
4766,144923675194
4767,144972503319
4768,145021331444
4769,145070159569
4770,145118987694
4771,145167815819
4772,145216643944
4773,145265472069
4774,145314300194
4775,145363128319
4776,145411956444
4777,145460784569
4778,145509612694
4779,145558440819
4780,145607268944
4781,145656097069
4782,145704925194
4783,145753753319
4784,145802581444
4785,145851409569
4786,145900237694
4787,145949065819
4788,145997893944
4789,146046722069
4790,146095550194
4791,146144378319
4792,146193206444
4793,146242034569
4794,146290862694
4795,146339690819
4796,146388518944
4797,146437347069
4798,146486175194
4799,146535003319
4800,146583831444
4801,146632659569
4802,146681487694
4803,146730315819
4804,146779143944
4805,146827972069
4806,146876800194
4807,146925628319
4808,146974456444
4809,147023284569
4810,147072112694
4811,147120940819
4812,147169768944
4813,147218597069
4814,147267425194
4815,147316253319
4816,147365081444
4817,147413909569
4818,147462737694
4819,147511565819
4820,147560393944
4821,147609222069
4822,147658050194
4823,147706878319
4824,147755706444
4825,147804534569
4826,147853362694
4827,147902190819
4828,147951018944
4829,147999847069
4830,148048675194
4831,148097503319
4832,148146331444
4833,148195159569
4834,148243987694
4835,148292815819
4836,148341643944
4837,148390472069
4838,148439300194
4839,148488128319
4840,148536956444
4841,148585784569
4842,148634612694
4843,148683440819
4844,148732268944
4845,148781097069
4846,148829925194
4847,148878753319
4848,148927581444
4849,148976409569
4850,149025237694
4851,149074065819
4852,149122893944
4853,149171722069
4854,149220550194
4855,149269378319
4856,149318206444
4857,149367034569
4858,149415862694
4859,149464690819
4860,149513518944
4861,149562347069
4862,149611175194
4863,149660003319
4864,149708831444
4865,149757659569
4866,149806487694
4867,149855315819
4868,149904143944
4869,149952972069
4870,150001800194
4871,150050628319
4872,150099456444
4873,150148284569
4874,150197112694
4875,150245940819
4876,150294768944
4877,150343597069
4878,150392425194
4879,150441253319
4880,150490081444
4881,150538909569
4882,150587737694
4883,150636565819
4884,150685393944
4885,150734222069
4886,150783050194
4887,150831878319
4888,150880706444
4889,150929534569
4890,150978362694
4891,151027190819
4892,151076018944
4893,151124847069
4894,151173675194
4895,151222503319
4896,151271331444
4897,151320159569
4898,151368987694
4899,151417815819
4900,151466643944
4901,151515472069
4902,151564300194
4903,151613128319
4904,151661956444
4905,151710784569
4906,151759612694
4907,151808440819
4908,151857268944
4909,151906097069
4910,151954925194
4911,152003753319
4912,152052581444
4913,152101409569
4914,152150237694
4915,152199065819
4916,152247893944
4917,152296722069
4918,152345550194
4919,152394378319
4920,152443206444
4921,152492034569
4922,152540862694
4923,152589690819
4924,152638518944
4925,152687347069
4926,152736175194
4927,152785003319
4928,152833831444
4929,152882659569
4930,152931487694
4931,152980315819
4932,153029143944
4933,153077972069
4934,153126800194
4935,153175628319
4936,153224456444
4937,153273284569
4938,153322112694
4939,153370940819
4940,153419768944
4941,153468597069
4942,153517425194
4943,153566253319
4944,153615081444
4945,153663909569
4946,153712737694
4947,153761565819
4948,153810393944
4949,153859222069
4950,153908050194
4951,153956878319
4952,154005706444
4953,154054534569
4954,154103362694
4955,154152190819
4956,154201018944
4957,154249847069
4958,154298675194
4959,154347503319
4960,154396331444
4961,154445159569
4962,154493987694
4963,154542815819
4964,154591643944
4965,154640472069
4966,154689300194
4967,154738128319
4968,154786956444
4969,154835784569
4970,154884612694
4971,154933440819
4972,154982268944
4973,155031097069
4974,155079925194
4975,155128753319
4976,155177581444
4977,155226409569
4978,155275237694
4979,155324065819
4980,155372893944
4981,155421722069
4982,155470550194
4983,155519378319
4984,155568206444
4985,155617034569
4986,155665862694
4987,155714690819
4988,155763518944
4989,155812347069
4990,155861175194
4991,155910003319
4992,155958831444
4993,156007659569
4994,156056487694
4995,156105315819
4996,156154143944
4997,156202972069
4998,156251800194
4999,156300628319
5000,156349456444
5001,156398284569
5002,156447112694
5003,156495940819
5004,156544768944
5005,156593597069
5006,156642425194
5007,156691253319
5008,156740081444
5009,156788909569
5010,156837737694
5011,156886565819
5012,156935393944
5013,156984222069
5014,157033050194
5015,157081878319
5016,157130706444
5017,157179534569
5018,157228362694
5019,157277190819
5020,157326018944
5021,157374847069
5022,157423675194
5023,157472503319
5024,157521331444
5025,157570159569
5026,157618987694
5027,157667815819
5028,157716643944
5029,157765472069
5030,157814300194
5031,157863128319
5032,157911956444
5033,157960784569
5034,158009612694
5035,158058440819
5036,158107268944
5037,158156097069
5038,158204925194
5039,158253753319
5040,158302581444
5041,158351409569
5042,158400237694
5043,158449065819
5044,158497893944
5045,158546722069
5046,158595550194
5047,158644378319
5048,158693206444
5049,158742034569
5050,158790862694
5051,158839690819
5052,158888518944
5053,158937347069
5054,158986175194
5055,159035003319
5056,159083831444
5057,159132659569
5058,159181487694
5059,159230315819
5060,159279143944
5061,159327972069
5062,159376800194
5063,159425628319
5064,159474456444
5065,159523284569
5066,159572112694
5067,159620940819
5068,159669768944
5069,159718597069
5070,159767425194
5071,159816253319
5072,159865081444
5073,159913909569
5074,159962737694
5075,160011565819
5076,160060393944
5077,160109222069
5078,160158050194
5079,160206878319
5080,160255706444
5081,160304534569
5082,160353362694
5083,160402190819
5084,160451018944
5085,160499847069
5086,160548675194
5087,160597503319
5088,160646331444
5089,160695159569
5090,160743987694
5091,160792815819
5092,160841643944
5093,160890472069
5094,160939300194
5095,160988128319
5096,161036956444
5097,161085784569
5098,161134612694
5099,161183440819
5100,161232268944
5101,161281097069
5102,161329925194
5103,161378753319
5104,161427581444
5105,161476409569
5106,161525237694
5107,161574065819
5108,161622893944
5109,161671722069
5110,161720550194
5111,161769378319
5112,161818206444
5113,161867034569
5114,161915862694
5115,161964690819
5116,162013518944
5117,162062347069
5118,162111175194
5119,162160003319
5120,162208831444
5121,162257659569
5122,162306487694
5123,162355315819
5124,162404143944
5125,162452972069
5126,162501800194
5127,162550628319
5128,162599456444
5129,162648284569
5130,162697112694
5131,162745940819
5132,162794768944
5133,162843597069
5134,162892425194
5135,162941253319
5136,162990081444
5137,163038909569
5138,163087737694
5139,163136565819
5140,163185393944
5141,163234222069
5142,163283050194
5143,163331878319
5144,163380706444
5145,163429534569
5146,163478362694
5147,163527190819
5148,163576018944
5149,163624847069
5150,163673675194
5151,163722503319
5152,163771331444
5153,163820159569
5154,163868987694
5155,163917815819
5156,163966643944
5157,164015472069
5158,164064300194
5159,164113128319
5160,164161956444
5161,164210784569
5162,164259612694
5163,164308440819
5164,164357268944
5165,164406097069
5166,164454925194
5167,164503753319
5168,164552581444
5169,164601409569
5170,164650237694
5171,164699065819
5172,164747893944
5173,164796722069
5174,164845550194
5175,164894378319
5176,164943206444
5177,164992034569
5178,165040862694
5179,165089690819
5180,165138518944
5181,165187347069
5182,165236175194
5183,165285003319
5184,165333831444
5185,165382659569
5186,165431487694
5187,165480315819
5188,165529143944
5189,165577972069
5190,165626800194
5191,165675628319
5192,165724456444
5193,165773284569
5194,165822112694
5195,165870940819
5196,165919768944
5197,165968597069
5198,166017425194
5199,166066253319
5200,166115081444
5201,166163909569
5202,166212737694
5203,166261565819
5204,166310393944
5205,166359222069
5206,166408050194
5207,166456878319
5208,166505706444
5209,166554534569
5210,166603362694
5211,166652190819
5212,166701018944
5213,166749847069
5214,166798675194
5215,166847503319
5216,166896331444
5217,166945159569
5218,166993987694
5219,167042815819
5220,167091643944
5221,167140472069
5222,167189300194
5223,167238128319
5224,167286956444
5225,167335784569
5226,167384612694
5227,167433440819
5228,167482268944
5229,167531097069
5230,167579925194
5231,167628753319
5232,167677581444
5233,167726409569
5234,167775237694
5235,167824065819
5236,167872893944
5237,167921722069
5238,167970550194
5239,168019378319
5240,168068206444
5241,168117034569
5242,168165862694
5243,168214690819
5244,168263518944
5245,168312347069
5246,168361175194
5247,168410003319
5248,168458831444
5249,168507659569
5250,168556487694
5251,168605315819
5252,168654143944
5253,168702972069
5254,168751800194
5255,168800628319
5256,168849456444
5257,168898284569
5258,168947112694
5259,168995940819
5260,169044768944
5261,169093597069
5262,169142425194
5263,169191253319
5264,169240081444
5265,169288909569
5266,169337737694
5267,169386565819
5268,169435393944
5269,169484222069
5270,169533050194
5271,169581878319
5272,169630706444
5273,169679534569
5274,169728362694
5275,169777190819
5276,169826018944
5277,169874847069
5278,169923675194
5279,169972503319
5280,170021331444
5281,170070159569
5282,170118987694
5283,170167815819
5284,170216643944
5285,170265472069
5286,170314300194
5287,170363128319
5288,170411956444
5289,170460784569
5290,170509612694
5291,170558440819
5292,170607268944
5293,170656097069
5294,170704925194
5295,170753753319
5296,170802581444
5297,170851409569
5298,170900237694
5299,170949065819
5300,170997893944
5301,171046722069
5302,171095550194
5303,171144378319
5304,171193206444
5305,171242034569
5306,171290862694
5307,171339690819
5308,171388518944
5309,171437347069
5310,171486175194
5311,171535003319
5312,171583831444
5313,171632659569
5314,171681487694
5315,171730315819
5316,171779143944
5317,171827972069
5318,171876800194
5319,171925628319
5320,171974456444
5321,172023284569
5322,172072112694
5323,172120940819
5324,172169768944
5325,172218597069
5326,172267425194
5327,172316253319
5328,172365081444
5329,172413909569
5330,172462737694
5331,172511565819
5332,172560393944
5333,172609222069
5334,172658050194
5335,172706878319
5336,172755706444
5337,172804534569
5338,172853362694
5339,172902190819
5340,172951018944
5341,172999847069
5342,173048675194
5343,173097503319
5344,173146331444
5345,173195159569
5346,173243987694
5347,173292815819
5348,173341643944
5349,173390472069
5350,173439300194
5351,173488128319
5352,173536956444
5353,173585784569
5354,173634612694
5355,173683440819
5356,173732268944
5357,173781097069
5358,173829925194
5359,173878753319
5360,173927581444
5361,173976409569
5362,174025237694
5363,174074065819
5364,174122893944
5365,174171722069
5366,174220550194
5367,174269378319
5368,174318206444
5369,174367034569
5370,174415862694
5371,174464690819
5372,174513518944
5373,174562347069
5374,174611175194
5375,174660003319
5376,174708831444
5377,174757659569
5378,174806487694
5379,174855315819
5380,174904143944
5381,174952972069
5382,175001800194
5383,175050628319
5384,175099456444
5385,175148284569
5386,175197112694
5387,175245940819
5388,175294768944
5389,175343597069
5390,175392425194
5391,175441253319
5392,175490081444
5393,175538909569
5394,175587737694
5395,175636565819
5396,175685393944
5397,175734222069
5398,175783050194
5399,175831878319
5400,175880706444
5401,175929534569
5402,175978362694
5403,176027190819
5404,176076018944
5405,176124847069
5406,176173675194
5407,176222503319
5408,176271331444
5409,176320159569
5410,176368987694
5411,176417815819
5412,176466643944
5413,176515472069
5414,176564300194
5415,176613128319
5416,176661956444
5417,176710784569
5418,176759612694
5419,176808440819
5420,176857268944
5421,176906097069
5422,176954925194
5423,177003753319
5424,177052581444
5425,177101409569
5426,177150237694
5427,177199065819
5428,177247893944
5429,177296722069
5430,177345550194
5431,177394378319
5432,177443206444
5433,177492034569
5434,177540862694
5435,177589690819
5436,177638518944
5437,177687347069
5438,177736175194
5439,177785003319
5440,177833831444
5441,177882659569
5442,177931487694
5443,177980315819
5444,178029143944
5445,178077972069
5446,178126800194
5447,178175628319
5448,178224456444
5449,178273284569
5450,178322112694
5451,178370940819
5452,178419768944
5453,178468597069
5454,178517425194
5455,178566253319
5456,178615081444
5457,178663909569
5458,178712737694
5459,178761565819
5460,178810393944
5461,178859222069
5462,178908050194
5463,178956878319
5464,179005706444
5465,179054534569
5466,179103362694
5467,179152190819
5468,179201018944
5469,179249847069
5470,179298675194
5471,179347503319
5472,179396331444
5473,179445159569
5474,179493987694
5475,179542815819
5476,179591643944
5477,179640472069
5478,179689300194
5479,179738128319
5480,179786956444
5481,179835784569
5482,179884612694
5483,179933440819
5484,179982268944
5485,180031097069
5486,180079925194
5487,180128753319
5488,180177581444
5489,180226409569
5490,180275237694
5491,180324065819
5492,180372893944
5493,180421722069
5494,180470550194
5495,180519378319
5496,180568206444
5497,180617034569
5498,180665862694
5499,180714690819
5500,180763518944
5501,180812347069
5502,180861175194
5503,180910003319
5504,180958831444
5505,181007659569
5506,181056487694
5507,181105315819
5508,181154143944
5509,181202972069
5510,181251800194
5511,181300628319
5512,181349456444
5513,181398284569
5514,181447112694
5515,181495940819
5516,181544768944
5517,181593597069
5518,181642425194
5519,181691253319
5520,181740081444
5521,181788909569
5522,181837737694
5523,181886565819
5524,181935393944
5525,181984222069
5526,182033050194
5527,182081878319
5528,182130706444
5529,182179534569
5530,182228362694
5531,182277190819
5532,182326018944
5533,182374847069
5534,182423675194
5535,182472503319
5536,182521331444
5537,182570159569
5538,182618987694
5539,182667815819
5540,182716643944
5541,182765472069
5542,182814300194
5543,182863128319
5544,182911956444
5545,182960784569
5546,183009612694
5547,183058440819
5548,183107268944
5549,183156097069
5550,183204925194
5551,183253753319
5552,183302581444
5553,183351409569
5554,183400237694
5555,183449065819
5556,183497893944
5557,183546722069
5558,183595550194
5559,183644378319
5560,183693206444
5561,183742034569
5562,183790862694
5563,183839690819
5564,183888518944
5565,183937347069
5566,183986175194
5567,184035003319
5568,184083831444
5569,184132659569
5570,184181487694
5571,184230315819
5572,184279143944
5573,184327972069
5574,184376800194
5575,184425628319
5576,184474456444
5577,184523284569
5578,184572112694
5579,184620940819
5580,184669768944
5581,184718597069
5582,184767425194
5583,184816253319
5584,184865081444
5585,184913909569
5586,184962737694
5587,185011565819
5588,185060393944
5589,185109222069
5590,185158050194
5591,185206878319
5592,185255706444
5593,185304534569
5594,185353362694
5595,185402190819
5596,185451018944
5597,185499847069
5598,185548675194
5599,185597503319
5600,185646331444
5601,185695159569
5602,185743987694
5603,185792815819
5604,185841643944
5605,185890472069
5606,185939300194
5607,185988128319
5608,186036956444
5609,186085784569
5610,186134612694
5611,186183440819
5612,186232268944
5613,186281097069
5614,186329925194
5615,186378753319
5616,186427581444
5617,186476409569
5618,186525237694
5619,186574065819
5620,186622893944
5621,186671722069
5622,186720550194
5623,186769378319
5624,186818206444
5625,186867034569
5626,186915862694
5627,186964690819
5628,187013518944
5629,187062347069
5630,187111175194
5631,187160003319
5632,187208831444
5633,187257659569
5634,187306487694
5635,187355315819
5636,187404143944
5637,187452972069
5638,187501800194
5639,187550628319
5640,187599456444
5641,187648284569
5642,187697112694
5643,187745940819
5644,187794768944
5645,187843597069
5646,187892425194
5647,187941253319
5648,187990081444
5649,188038909569
5650,188087737694
5651,188136565819
5652,188185393944
5653,188234222069
5654,188283050194
5655,188331878319
5656,188380706444
5657,188429534569
5658,188478362694
5659,188527190819
5660,188576018944
5661,188624847069
5662,188673675194
5663,188722503319
5664,188771331444
5665,188820159569
5666,188868987694
5667,188917815819
5668,188966643944
5669,189015472069
5670,189064300194
5671,189113128319
5672,189161956444
5673,189210784569
5674,189259612694
5675,189308440819
5676,189357268944
5677,189406097069
5678,189454925194
5679,189503753319
5680,189552581444
5681,189601409569
5682,189650237694
5683,189699065819
5684,189747893944
5685,189796722069
5686,189845550194
5687,189894378319
5688,189943206444
5689,189992034569
5690,190040862694
5691,190089690819
5692,190138518944
5693,190187347069
5694,190236175194
5695,190285003319
5696,190333831444
5697,190382659569
5698,190431487694
5699,190480315819
5700,190529143944
5701,190577972069
5702,190626800194
5703,190675628319
5704,190724456444
5705,190773284569
5706,190822112694
5707,190870940819
5708,190919768944
5709,190968597069
5710,191017425194
5711,191066253319
5712,191115081444
5713,191163909569
5714,191212737694
5715,191261565819
5716,191310393944
5717,191359222069
5718,191408050194
5719,191456878319
5720,191505706444
5721,191554534569
5722,191603362694
5723,191652190819
5724,191701018944
5725,191749847069
5726,191798675194
5727,191847503319
5728,191896331444
5729,191945159569
5730,191993987694
5731,192042815819
5732,192091643944
5733,192140472069
5734,192189300194
5735,192238128319
5736,192286956444
5737,192335784569
5738,192384612694
5739,192433440819
5740,192482268944
5741,192531097069
5742,192579925194
5743,192628753319
5744,192677581444
5745,192726409569
5746,192775237694
5747,192824065819
5748,192872893944
5749,192921722069
5750,192970550194
5751,193019378319
5752,193068206444
5753,193117034569
5754,193165862694
5755,193214690819
5756,193263518944
5757,193312347069
5758,193361175194
5759,193410003319
5760,193458831444
5761,193507659569
5762,193556487694
5763,193605315819
5764,193654143944
5765,193702972069
5766,193751800194
5767,193800628319
5768,193849456444
5769,193898284569
5770,193947112694
5771,193995940819
5772,194044768944
5773,194093597069
5774,194142425194
5775,194191253319
5776,194240081444
5777,194288909569
5778,194337737694
5779,194386565819
5780,194435393944
5781,194484222069
5782,194533050194
5783,194581878319
5784,194630706444
5785,194679534569
5786,194728362694
5787,194777190819
5788,194826018944
5789,194874847069
5790,194923675194
5791,194972503319
5792,195021331444
5793,195070159569
5794,195118987694
5795,195167815819
5796,195216643944
5797,195265472069
5798,195314300194
5799,195363128319
5800,195411956444
5801,195460784569
5802,195509612694
5803,195558440819
5804,195607268944
5805,195656097069
5806,195704925194
5807,195753753319
5808,195802581444
5809,195851409569
5810,195900237694
5811,195949065819
5812,195997893944
5813,196046722069
5814,196095550194
5815,196144378319
5816,196193206444
5817,196242034569
5818,196290862694
5819,196339690819
5820,196388518944
5821,196437347069
5822,196486175194
5823,196535003319
5824,196583831444
5825,196632659569
5826,196681487694
5827,196730315819
5828,196779143944
5829,196827972069
5830,196876800194
5831,196925628319
5832,196974456444
5833,197023284569
5834,197072112694
5835,197120940819
5836,197169768944
5837,197218597069
5838,197267425194
5839,197316253319
5840,197365081444
5841,197413909569
5842,197462737694
5843,197511565819
5844,197560393944
5845,197609222069
5846,197658050194
5847,197706878319
5848,197755706444
5849,197804534569
5850,197853362694
5851,197902190819
5852,197951018944
5853,197999847069
5854,198048675194
5855,198097503319
5856,198146331444
5857,198195159569
5858,198243987694
5859,198292815819
5860,198341643944
5861,198390472069
5862,198439300194
5863,198488128319
5864,198536956444
5865,198585784569
5866,198634612694
5867,198683440819
5868,198732268944
5869,198781097069
5870,198829925194
5871,198878753319
5872,198927581444
5873,198976409569
5874,199025237694
5875,199074065819
5876,199122893944
5877,199171722069
5878,199220550194
5879,199269378319
5880,199318206444
5881,199367034569
5882,199415862694
5883,199464690819
5884,199513518944
5885,199562347069
5886,199611175194
5887,199660003319
5888,199708831444
5889,199757659569
5890,199806487694
5891,199855315819
5892,199904143944
5893,199952972069
5894,200001800194
5895,200050628319
5896,200099456444
5897,200148284569
5898,200197112694
5899,200245940819
5900,200294768944
5901,200343597069
5902,200392425194
5903,200441253319
5904,200490081444
5905,200538909569
5906,200587737694
5907,200636565819
5908,200685393944
5909,200734222069
5910,200783050194
5911,200831878319
5912,200880706444
5913,200929534569
5914,200978362694
5915,201027190819
5916,201076018944
5917,201124847069
5918,201173675194
5919,201222503319
5920,201271331444
5921,201320159569
5922,201368987694
5923,201417815819
5924,201466643944
5925,201515472069
5926,201564300194
5927,201613128319
5928,201661956444
5929,201710784569
5930,201759612694
5931,201808440819
5932,201857268944
5933,201906097069
5934,201954925194
5935,202003753319
5936,202052581444
5937,202101409569
5938,202150237694
5939,202199065819
5940,202247893944
5941,202296722069
5942,202345550194
5943,202394378319
5944,202443206444
5945,202492034569
5946,202540862694
5947,202589690819
5948,202638518944
5949,202687347069
5950,202736175194
5951,202785003319
5952,202833831444
5953,202882659569
5954,202931487694
5955,202980315819
5956,203029143944
5957,203077972069
5958,203126800194
5959,203175628319
5960,203224456444
5961,203273284569
5962,203322112694
5963,203370940819
5964,203419768944
5965,203468597069
5966,203517425194
5967,203566253319
5968,203615081444
5969,203663909569
5970,203712737694
5971,203761565819
5972,203810393944
5973,203859222069
5974,203908050194
5975,203956878319
5976,204005706444
5977,204054534569
5978,204103362694
5979,204152190819
5980,204201018944
5981,204249847069
5982,204298675194
5983,204347503319
5984,204396331444
5985,204445159569
5986,204493987694
5987,204542815819
5988,204591643944
5989,204640472069
5990,204689300194
5991,204738128319
5992,204786956444
5993,204835784569
5994,204884612694
5995,204933440819
5996,204982268944
5997,205031097069
5998,205079925194
5999,205128753319
6000,205177581444
