StageID,GoldValue,DiaValue,DiaProbability
30001,50,5,50
30002,100,10,50
30003,150,15,50
30004,200,20,50
30005,250,25,50
30006,300,30,50
30007,350,35,50
30008,400,40,50
30009,450,45,50
30010,500,50,50
30011,550,55,50
30012,600,60,50
30013,650,65,50
30014,700,70,50
30015,750,75,50
30016,800,80,50
30017,850,85,50
30018,900,90,50
30019,950,95,50
30020,1000,100,50
30021,1050,105,50
30022,1100,110,50
30023,1150,115,50
30024,1200,120,50
30025,1250,125,50
30026,1300,130,50
30027,1350,135,50
30028,1400,140,50
30029,1450,145,50
30030,1500,150,50
30031,1550,155,50
30032,1600,160,50
30033,1650,165,50
30034,1700,170,50
30035,1750,175,50
30036,1800,180,50
30037,1850,185,50
30038,1900,190,50
30039,1950,195,50
30040,2000,200,50
30041,2050,205,50
30042,2100,210,50
30043,2150,215,50
30044,2200,220,50
30045,2250,225,50
30046,2300,230,50
30047,2350,235,50
30048,2400,240,50
30049,2450,245,50
30050,2500,250,50
30051,2550,255,50
30052,2600,260,50
30053,2650,265,50
30054,2700,270,50
30055,2750,275,50
30056,2800,280,50
30057,2850,285,50
30058,2900,290,50
30059,2950,295,50
30060,3000,300,50
30061,3050,305,50
30062,3100,310,50
30063,3150,315,50
30064,3200,320,50
30065,3250,325,50
30066,3300,330,50
30067,3350,335,50
30068,3400,340,50
30069,3450,345,50
30070,3500,350,50
30071,3550,355,50
30072,3600,360,50
30073,3650,365,50
30074,3700,370,50
30075,3750,375,50
30076,3800,380,50
30077,3850,385,50
30078,3900,390,50
30079,3950,395,50
30080,4000,400,50
30081,4050,405,50
30082,4100,410,50
30083,4150,415,50
30084,4200,420,50
30085,4250,425,50
30086,4300,430,50
30087,4350,435,50
30088,4400,440,50
30089,4450,445,50
30090,4500,450,50
30091,4550,455,50
30092,4600,460,50
30093,4650,465,50
30094,4700,470,50
30095,4750,475,50
30096,4800,480,50
30097,4850,485,50
30098,4900,490,50
30099,4950,495,50
30100,5000,500,50
30101,5050,505,50
30102,5100,510,50
30103,5150,515,50
30104,5200,520,50
30105,5250,525,50
30106,5300,530,50
30107,5350,535,50
30108,5400,540,50
30109,5450,545,50
30110,5500,550,50
30111,5550,555,50
30112,5600,560,50
30113,5650,565,50
30114,5700,570,50
30115,5750,575,50
30116,5800,580,50
30117,5850,585,50
30118,5900,590,50
30119,5950,595,50
30120,6000,600,50
30121,6050,605,50
30122,6100,610,50
30123,6150,615,50
30124,6200,620,50
30125,6250,625,50
30126,6300,630,50
30127,6350,635,50
30128,6400,640,50
30129,6450,645,50
30130,6500,650,50
30131,6550,655,50
30132,6600,660,50
30133,6650,665,50
30134,6700,670,50
30135,6750,675,50
30136,6800,680,50
30137,6850,685,50
30138,6900,690,50
30139,6950,695,50
30140,7000,700,50
30141,7050,705,50
30142,7100,710,50
30143,7150,715,50
30144,7200,720,50
30145,7250,725,50
30146,7300,730,50
30147,7350,735,50
30148,7400,740,50
30149,7450,745,50
30150,7500,750,50
30151,7550,755,50
30152,7600,760,50
30153,7650,765,50
30154,7700,770,50
30155,7750,775,50
30156,7800,780,50
30157,7850,785,50
30158,7900,790,50
30159,7950,795,50
30160,8000,800,50
30161,8050,805,50
30162,8100,810,50
30163,8150,815,50
30164,8200,820,50
30165,8250,825,50
30166,8300,830,50
30167,8350,835,50
30168,8400,840,50
30169,8450,845,50
30170,8500,850,50
30171,8550,855,50
30172,8600,860,50
30173,8650,865,50
30174,8700,870,50
30175,8750,875,50
30176,8800,880,50
30177,8850,885,50
30178,8900,890,50
30179,8950,895,50
30180,9000,900,50
30181,9050,905,50
30182,9100,910,50
30183,9150,915,50
30184,9200,920,50
30185,9250,925,50
30186,9300,930,50
30187,9350,935,50
30188,9400,940,50
30189,9450,945,50
30190,9500,950,50
30191,9550,955,50
30192,9600,960,50
30193,9650,965,50
30194,9700,970,50
30195,9750,975,50
30196,9800,980,50
30197,9850,985,50
30198,9900,990,50
30199,9950,995,50
30200,10000,1000,50
30201,10050,1005,50
30202,10100,1010,50
30203,10150,1015,50
30204,10200,1020,50
30205,10250,1025,50
30206,10300,1030,50
30207,10350,1035,50
30208,10400,1040,50
30209,10450,1045,50
30210,10500,1050,50
30211,10550,1055,50
30212,10600,1060,50
30213,10650,1065,50
30214,10700,1070,50
30215,10750,1075,50
30216,10800,1080,50
30217,10850,1085,50
30218,10900,1090,50
30219,10950,1095,50
30220,11000,1100,50
30221,11050,1105,50
30222,11100,1110,50
30223,11150,1115,50
30224,11200,1120,50
30225,11250,1125,50
30226,11300,1130,50
30227,11350,1135,50
30228,11400,1140,50
30229,11450,1145,50
30230,11500,1150,50
30231,11550,1155,50
30232,11600,1160,50
30233,11650,1165,50
30234,11700,1170,50
30235,11750,1175,50
30236,11800,1180,50
30237,11850,1185,50
30238,11900,1190,50
30239,11950,1195,50
30240,12000,1200,50
30241,12050,1205,50
30242,12100,1210,50
30243,12150,1215,50
30244,12200,1220,50
30245,12250,1225,50
30246,12300,1230,50
30247,12350,1235,50
30248,12400,1240,50
30249,12450,1245,50
30250,12500,1250,50
30251,12550,1255,50
30252,12600,1260,50
30253,12650,1265,50
30254,12700,1270,50
30255,12750,1275,50
30256,12800,1280,50
30257,12850,1285,50
30258,12900,1290,50
30259,12950,1295,50
30260,13000,1300,50
30261,13050,1305,50
30262,13100,1310,50
30263,13150,1315,50
30264,13200,1320,50
30265,13250,1325,50
30266,13300,1330,50
30267,13350,1335,50
30268,13400,1340,50
30269,13450,1345,50
30270,13500,1350,50
30271,13550,1355,50
30272,13600,1360,50
30273,13650,1365,50
30274,13700,1370,50
30275,13750,1375,50
30276,13800,1380,50
30277,13850,1385,50
30278,13900,1390,50
30279,13950,1395,50
30280,14000,1400,50
30281,14050,1405,50
30282,14100,1410,50
30283,14150,1415,50
30284,14200,1420,50
30285,14250,1425,50
30286,14300,1430,50
30287,14350,1435,50
30288,14400,1440,50
30289,14450,1445,50
30290,14500,1450,50
30291,14550,1455,50
30292,14600,1460,50
30293,14650,1465,50
30294,14700,1470,50
30295,14750,1475,50
30296,14800,1480,50
30297,14850,1485,50
30298,14900,1490,50
30299,14950,1495,50
30300,15000,1500,50
30301,15050,1505,50
30302,15100,1510,50
30303,15150,1515,50
30304,15200,1520,50
30305,15250,1525,50
30306,15300,1530,50
30307,15350,1535,50
30308,15400,1540,50
30309,15450,1545,50
30310,15500,1550,50
30311,15550,1555,50
30312,15600,1560,50
30313,15650,1565,50
30314,15700,1570,50
30315,15750,1575,50
30316,15800,1580,50
30317,15850,1585,50
30318,15900,1590,50
30319,15950,1595,50
30320,16000,1600,50
30321,16050,1605,50
30322,16100,1610,50
30323,16150,1615,50
30324,16200,1620,50
30325,16250,1625,50
30326,16300,1630,50
30327,16350,1635,50
30328,16400,1640,50
30329,16450,1645,50
30330,16500,1650,50
30331,16550,1655,50
30332,16600,1660,50
30333,16650,1665,50
30334,16700,1670,50
30335,16750,1675,50
30336,16800,1680,50
30337,16850,1685,50
30338,16900,1690,50
30339,16950,1695,50
30340,17000,1700,50
30341,17050,1705,50
30342,17100,1710,50
30343,17150,1715,50
30344,17200,1720,50
30345,17250,1725,50
30346,17300,1730,50
30347,17350,1735,50
30348,17400,1740,50
30349,17450,1745,50
30350,17500,1750,50
30351,17550,1755,50
30352,17600,1760,50
30353,17650,1765,50
30354,17700,1770,50
30355,17750,1775,50
30356,17800,1780,50
30357,17850,1785,50
30358,17900,1790,50
30359,17950,1795,50
30360,18000,1800,50
30361,18050,1805,50
30362,18100,1810,50
30363,18150,1815,50
30364,18200,1820,50
30365,18250,1825,50
30366,18300,1830,50
30367,18350,1835,50
30368,18400,1840,50
30369,18450,1845,50
30370,18500,1850,50
30371,18550,1855,50
30372,18600,1860,50
30373,18650,1865,50
30374,18700,1870,50
30375,18750,1875,50
30376,18800,1880,50
30377,18850,1885,50
30378,18900,1890,50
30379,18950,1895,50
30380,19000,1900,50
30381,19050,1905,50
30382,19100,1910,50
30383,19150,1915,50
30384,19200,1920,50
30385,19250,1925,50
30386,19300,1930,50
30387,19350,1935,50
30388,19400,1940,50
30389,19450,1945,50
30390,19500,1950,50
30391,19550,1955,50
30392,19600,1960,50
30393,19650,1965,50
30394,19700,1970,50
30395,19750,1975,50
30396,19800,1980,50
30397,19850,1985,50
30398,19900,1990,50
30399,19950,1995,50
30400,20000,2000,50
30401,20050,2005,50
30402,20100,2010,50
30403,20150,2015,50
30404,20200,2020,50
30405,20250,2025,50
30406,20300,2030,50
30407,20350,2035,50
30408,20400,2040,50
30409,20450,2045,50
30410,20500,2050,50
30411,20550,2055,50
30412,20600,2060,50
30413,20650,2065,50
30414,20700,2070,50
30415,20750,2075,50
30416,20800,2080,50
30417,20850,2085,50
30418,20900,2090,50
30419,20950,2095,50
30420,21000,2100,50
30421,21050,2105,50
30422,21100,2110,50
30423,21150,2115,50
30424,21200,2120,50
30425,21250,2125,50
30426,21300,2130,50
30427,21350,2135,50
30428,21400,2140,50
30429,21450,2145,50
30430,21500,2150,50
30431,21550,2155,50
30432,21600,2160,50
30433,21650,2165,50
30434,21700,2170,50
30435,21750,2175,50
30436,21800,2180,50
30437,21850,2185,50
30438,21900,2190,50
30439,21950,2195,50
30440,22000,2200,50
30441,22050,2205,50
30442,22100,2210,50
30443,22150,2215,50
30444,22200,2220,50
30445,22250,2225,50
30446,22300,2230,50
30447,22350,2235,50
30448,22400,2240,50
30449,22450,2245,50
30450,22500,2250,50
30451,22550,2255,50
30452,22600,2260,50
30453,22650,2265,50
30454,22700,2270,50
30455,22750,2275,50
30456,22800,2280,50
30457,22850,2285,50
30458,22900,2290,50
30459,22950,2295,50
30460,23000,2300,50
30461,23050,2305,50
30462,23100,2310,50
30463,23150,2315,50
30464,23200,2320,50
30465,23250,2325,50
30466,23300,2330,50
30467,23350,2335,50
30468,23400,2340,50
30469,23450,2345,50
30470,23500,2350,50
30471,23550,2355,50
30472,23600,2360,50
30473,23650,2365,50
30474,23700,2370,50
30475,23750,2375,50
30476,23800,2380,50
30477,23850,2385,50
30478,23900,2390,50
30479,23950,2395,50
30480,24000,2400,50
30481,24050,2405,50
30482,24100,2410,50
30483,24150,2415,50
30484,24200,2420,50
30485,24250,2425,50
30486,24300,2430,50
30487,24350,2435,50
30488,24400,2440,50
30489,24450,2445,50
30490,24500,2450,50
30491,24550,2455,50
30492,24600,2460,50
30493,24650,2465,50
30494,24700,2470,50
30495,24750,2475,50
30496,24800,2480,50
30497,24850,2485,50
30498,24900,2490,50
30499,24950,2495,50
30500,25000,2500,50
30501,25050,2505,50
30502,25100,2510,50
30503,25150,2515,50
30504,25200,2520,50
30505,25250,2525,50
30506,25300,2530,50
30507,25350,2535,50
30508,25400,2540,50
30509,25450,2545,50
30510,25500,2550,50
30511,25550,2555,50
30512,25600,2560,50
30513,25650,2565,50
30514,25700,2570,50
30515,25750,2575,50
30516,25800,2580,50
30517,25850,2585,50
30518,25900,2590,50
30519,25950,2595,50
30520,26000,2600,50
30521,26050,2605,50
30522,26100,2610,50
30523,26150,2615,50
30524,26200,2620,50
30525,26250,2625,50
30526,26300,2630,50
30527,26350,2635,50
30528,26400,2640,50
30529,26450,2645,50
30530,26500,2650,50
30531,26550,2655,50
30532,26600,2660,50
30533,26650,2665,50
30534,26700,2670,50
30535,26750,2675,50
30536,26800,2680,50
30537,26850,2685,50
30538,26900,2690,50
30539,26950,2695,50
30540,27000,2700,50
30541,27050,2705,50
30542,27100,2710,50
30543,27150,2715,50
30544,27200,2720,50
30545,27250,2725,50
30546,27300,2730,50
30547,27350,2735,50
30548,27400,2740,50
30549,27450,2745,50
30550,27500,2750,50
30551,27550,2755,50
30552,27600,2760,50
30553,27650,2765,50
30554,27700,2770,50
30555,27750,2775,50
30556,27800,2780,50
30557,27850,2785,50
30558,27900,2790,50
30559,27950,2795,50
30560,28000,2800,50
30561,28050,2805,50
30562,28100,2810,50
30563,28150,2815,50
30564,28200,2820,50
30565,28250,2825,50
30566,28300,2830,50
30567,28350,2835,50
30568,28400,2840,50
30569,28450,2845,50
30570,28500,2850,50
30571,28550,2855,50
30572,28600,2860,50
30573,28650,2865,50
30574,28700,2870,50
30575,28750,2875,50
30576,28800,2880,50
30577,28850,2885,50
30578,28900,2890,50
30579,28950,2895,50
30580,29000,2900,50
30581,29050,2905,50
30582,29100,2910,50
30583,29150,2915,50
30584,29200,2920,50
30585,29250,2925,50
30586,29300,2930,50
30587,29350,2935,50
30588,29400,2940,50
30589,29450,2945,50
30590,29500,2950,50
30591,29550,2955,50
30592,29600,2960,50
30593,29650,2965,50
30594,29700,2970,50
30595,29750,2975,50
30596,29800,2980,50
30597,29850,2985,50
30598,29900,2990,50
30599,29950,2995,50
30600,30000,3000,50
30601,30050,3005,50
30602,30100,3010,50
30603,30150,3015,50
30604,30200,3020,50
30605,30250,3025,50
30606,30300,3030,50
30607,30350,3035,50
30608,30400,3040,50
30609,30450,3045,50
30610,30500,3050,50
30611,30550,3055,50
30612,30600,3060,50
30613,30650,3065,50
30614,30700,3070,50
30615,30750,3075,50
30616,30800,3080,50
30617,30850,3085,50
30618,30900,3090,50
30619,30950,3095,50
30620,31000,3100,50
30621,31050,3105,50
30622,31100,3110,50
30623,31150,3115,50
30624,31200,3120,50
30625,31250,3125,50
30626,31300,3130,50
30627,31350,3135,50
30628,31400,3140,50
30629,31450,3145,50
30630,31500,3150,50
30631,31550,3155,50
30632,31600,3160,50
30633,31650,3165,50
30634,31700,3170,50
30635,31750,3175,50
30636,31800,3180,50
30637,31850,3185,50
30638,31900,3190,50
30639,31950,3195,50
30640,32000,3200,50
30641,32050,3205,50
30642,32100,3210,50
30643,32150,3215,50
30644,32200,3220,50
30645,32250,3225,50
30646,32300,3230,50
30647,32350,3235,50
30648,32400,3240,50
30649,32450,3245,50
30650,32500,3250,50
30651,32550,3255,50
30652,32600,3260,50
30653,32650,3265,50
30654,32700,3270,50
30655,32750,3275,50
30656,32800,3280,50
30657,32850,3285,50
30658,32900,3290,50
30659,32950,3295,50
30660,33000,3300,50
30661,33050,3305,50
30662,33100,3310,50
30663,33150,3315,50
30664,33200,3320,50
30665,33250,3325,50
30666,33300,3330,50
30667,33350,3335,50
30668,33400,3340,50
30669,33450,3345,50
30670,33500,3350,50
30671,33550,3355,50
30672,33600,3360,50
30673,33650,3365,50
30674,33700,3370,50
30675,33750,3375,50
30676,33800,3380,50
30677,33850,3385,50
30678,33900,3390,50
30679,33950,3395,50
30680,34000,3400,50
30681,34050,3405,50
30682,34100,3410,50
30683,34150,3415,50
30684,34200,3420,50
30685,34250,3425,50
30686,34300,3430,50
30687,34350,3435,50
30688,34400,3440,50
30689,34450,3445,50
30690,34500,3450,50
30691,34550,3455,50
30692,34600,3460,50
30693,34650,3465,50
30694,34700,3470,50
30695,34750,3475,50
30696,34800,3480,50
30697,34850,3485,50
30698,34900,3490,50
30699,34950,3495,50
30700,35000,3500,50
30701,35050,3505,50
30702,35100,3510,50
30703,35150,3515,50
30704,35200,3520,50
30705,35250,3525,50
30706,35300,3530,50
30707,35350,3535,50
30708,35400,3540,50
30709,35450,3545,50
30710,35500,3550,50
30711,35550,3555,50
30712,35600,3560,50
30713,35650,3565,50
30714,35700,3570,50
30715,35750,3575,50
30716,35800,3580,50
30717,35850,3585,50
30718,35900,3590,50
30719,35950,3595,50
30720,36000,3600,50
30721,36050,3605,50
30722,36100,3610,50
30723,36150,3615,50
30724,36200,3620,50
30725,36250,3625,50
30726,36300,3630,50
30727,36350,3635,50
30728,36400,3640,50
30729,36450,3645,50
30730,36500,3650,50
30731,36550,3655,50
30732,36600,3660,50
30733,36650,3665,50
30734,36700,3670,50
30735,36750,3675,50
30736,36800,3680,50
30737,36850,3685,50
30738,36900,3690,50
30739,36950,3695,50
30740,37000,3700,50
30741,37050,3705,50
30742,37100,3710,50
30743,37150,3715,50
30744,37200,3720,50
30745,37250,3725,50
30746,37300,3730,50
30747,37350,3735,50
30748,37400,3740,50
30749,37450,3745,50
30750,37500,3750,50
30751,37550,3755,50
30752,37600,3760,50
30753,37650,3765,50
30754,37700,3770,50
30755,37750,3775,50
30756,37800,3780,50
30757,37850,3785,50
30758,37900,3790,50
30759,37950,3795,50
30760,38000,3800,50
30761,38050,3805,50
30762,38100,3810,50
30763,38150,3815,50
30764,38200,3820,50
30765,38250,3825,50
30766,38300,3830,50
30767,38350,3835,50
30768,38400,3840,50
30769,38450,3845,50
30770,38500,3850,50
30771,38550,3855,50
30772,38600,3860,50
30773,38650,3865,50
30774,38700,3870,50
30775,38750,3875,50
30776,38800,3880,50
30777,38850,3885,50
30778,38900,3890,50
30779,38950,3895,50
30780,39000,3900,50
30781,39050,3905,50
30782,39100,3910,50
30783,39150,3915,50
30784,39200,3920,50
30785,39250,3925,50
30786,39300,3930,50
30787,39350,3935,50
30788,39400,3940,50
30789,39450,3945,50
30790,39500,3950,50
30791,39550,3955,50
30792,39600,3960,50
30793,39650,3965,50
30794,39700,3970,50
30795,39750,3975,50
30796,39800,3980,50
30797,39850,3985,50
30798,39900,3990,50
30799,39950,3995,50
30800,40000,4000,50
30801,40050,4005,50
30802,40100,4010,50
30803,40150,4015,50
30804,40200,4020,50
30805,40250,4025,50
30806,40300,4030,50
30807,40350,4035,50
30808,40400,4040,50
30809,40450,4045,50
30810,40500,4050,50
30811,40550,4055,50
30812,40600,4060,50
30813,40650,4065,50
30814,40700,4070,50
30815,40750,4075,50
30816,40800,4080,50
30817,40850,4085,50
30818,40900,4090,50
30819,40950,4095,50
30820,41000,4100,50
30821,41050,4105,50
30822,41100,4110,50
30823,41150,4115,50
30824,41200,4120,50
30825,41250,4125,50
30826,41300,4130,50
30827,41350,4135,50
30828,41400,4140,50
30829,41450,4145,50
30830,41500,4150,50
30831,41550,4155,50
30832,41600,4160,50
30833,41650,4165,50
30834,41700,4170,50
30835,41750,4175,50
30836,41800,4180,50
30837,41850,4185,50
30838,41900,4190,50
30839,41950,4195,50
30840,42000,4200,50
30841,42050,4205,50
30842,42100,4210,50
30843,42150,4215,50
30844,42200,4220,50
30845,42250,4225,50
30846,42300,4230,50
30847,42350,4235,50
30848,42400,4240,50
30849,42450,4245,50
30850,42500,4250,50
30851,42550,4255,50
30852,42600,4260,50
30853,42650,4265,50
30854,42700,4270,50
30855,42750,4275,50
30856,42800,4280,50
30857,42850,4285,50
30858,42900,4290,50
30859,42950,4295,50
30860,43000,4300,50
30861,43050,4305,50
30862,43100,4310,50
30863,43150,4315,50
30864,43200,4320,50
30865,43250,4325,50
30866,43300,4330,50
30867,43350,4335,50
30868,43400,4340,50
30869,43450,4345,50
30870,43500,4350,50
30871,43550,4355,50
30872,43600,4360,50
30873,43650,4365,50
30874,43700,4370,50
30875,43750,4375,50
30876,43800,4380,50
30877,43850,4385,50
30878,43900,4390,50
30879,43950,4395,50
30880,44000,4400,50
30881,44050,4405,50
30882,44100,4410,50
30883,44150,4415,50
30884,44200,4420,50
30885,44250,4425,50
30886,44300,4430,50
30887,44350,4435,50
30888,44400,4440,50
30889,44450,4445,50
30890,44500,4450,50
30891,44550,4455,50
30892,44600,4460,50
30893,44650,4465,50
30894,44700,4470,50
30895,44750,4475,50
30896,44800,4480,50
30897,44850,4485,50
30898,44900,4490,50
30899,44950,4495,50
30900,45000,4500,50
30901,45050,4505,50
30902,45100,4510,50
30903,45150,4515,50
30904,45200,4520,50
30905,45250,4525,50
30906,45300,4530,50
30907,45350,4535,50
30908,45400,4540,50
30909,45450,4545,50
30910,45500,4550,50
30911,45550,4555,50
30912,45600,4560,50
30913,45650,4565,50
30914,45700,4570,50
30915,45750,4575,50
30916,45800,4580,50
30917,45850,4585,50
30918,45900,4590,50
30919,45950,4595,50
30920,46000,4600,50
30921,46050,4605,50
30922,46100,4610,50
30923,46150,4615,50
30924,46200,4620,50
30925,46250,4625,50
30926,46300,4630,50
30927,46350,4635,50
30928,46400,4640,50
30929,46450,4645,50
30930,46500,4650,50
30931,46550,4655,50
30932,46600,4660,50
30933,46650,4665,50
30934,46700,4670,50
30935,46750,4675,50
30936,46800,4680,50
30937,46850,4685,50
30938,46900,4690,50
30939,46950,4695,50
30940,47000,4700,50
30941,47050,4705,50
30942,47100,4710,50
30943,47150,4715,50
30944,47200,4720,50
30945,47250,4725,50
30946,47300,4730,50
30947,47350,4735,50
30948,47400,4740,50
30949,47450,4745,50
30950,47500,4750,50
30951,47550,4755,50
30952,47600,4760,50
30953,47650,4765,50
30954,47700,4770,50
30955,47750,4775,50
30956,47800,4780,50
30957,47850,4785,50
30958,47900,4790,50
30959,47950,4795,50
30960,48000,4800,50
30961,48050,4805,50
30962,48100,4810,50
30963,48150,4815,50
30964,48200,4820,50
30965,48250,4825,50
30966,48300,4830,50
30967,48350,4835,50
30968,48400,4840,50
30969,48450,4845,50
30970,48500,4850,50
30971,48550,4855,50
30972,48600,4860,50
30973,48650,4865,50
30974,48700,4870,50
30975,48750,4875,50
30976,48800,4880,50
30977,48850,4885,50
30978,48900,4890,50
30979,48950,4895,50
30980,49000,4900,50
30981,49050,4905,50
30982,49100,4910,50
30983,49150,4915,50
30984,49200,4920,50
30985,49250,4925,50
30986,49300,4930,50
30987,49350,4935,50
30988,49400,4940,50
30989,49450,4945,50
30990,49500,4950,50
30991,49550,4955,50
30992,49600,4960,50
30993,49650,4965,50
30994,49700,4970,50
30995,49750,4975,50
30996,49800,4980,50
30997,49850,4985,50
30998,49900,4990,50
30999,49950,4995,50
31000,50000,5000,50
31001,50050,5005,50
31002,50100,5010,50
31003,50150,5015,50
31004,50200,5020,50
31005,50250,5025,50
31006,50300,5030,50
31007,50350,5035,50
31008,50400,5040,50
31009,50450,5045,50
31010,50500,5050,50
31011,50550,5055,50
31012,50600,5060,50
31013,50650,5065,50
31014,50700,5070,50
31015,50750,5075,50
31016,50800,5080,50
31017,50850,5085,50
31018,50900,5090,50
31019,50950,5095,50
31020,51000,5100,50
31021,51050,5105,50
31022,51100,5110,50
31023,51150,5115,50
31024,51200,5120,50
31025,51250,5125,50
31026,51300,5130,50
31027,51350,5135,50
31028,51400,5140,50
31029,51450,5145,50
31030,51500,5150,50
31031,51550,5155,50
31032,51600,5160,50
31033,51650,5165,50
31034,51700,5170,50
31035,51750,5175,50
31036,51800,5180,50
31037,51850,5185,50
31038,51900,5190,50
31039,51950,5195,50
31040,52000,5200,50
31041,52050,5205,50
31042,52100,5210,50
31043,52150,5215,50
31044,52200,5220,50
31045,52250,5225,50
31046,52300,5230,50
31047,52350,5235,50
31048,52400,5240,50
31049,52450,5245,50
31050,52500,5250,50
31051,52550,5255,50
31052,52600,5260,50
31053,52650,5265,50
31054,52700,5270,50
31055,52750,5275,50
31056,52800,5280,50
31057,52850,5285,50
31058,52900,5290,50
31059,52950,5295,50
31060,53000,5300,50
31061,53050,5305,50
31062,53100,5310,50
31063,53150,5315,50
31064,53200,5320,50
31065,53250,5325,50
31066,53300,5330,50
31067,53350,5335,50
31068,53400,5340,50
31069,53450,5345,50
31070,53500,5350,50
31071,53550,5355,50
31072,53600,5360,50
31073,53650,5365,50
31074,53700,5370,50
31075,53750,5375,50
31076,53800,5380,50
31077,53850,5385,50
31078,53900,5390,50
31079,53950,5395,50
31080,54000,5400,50
31081,54050,5405,50
31082,54100,5410,50
31083,54150,5415,50
31084,54200,5420,50
31085,54250,5425,50
31086,54300,5430,50
31087,54350,5435,50
31088,54400,5440,50
31089,54450,5445,50
31090,54500,5450,50
31091,54550,5455,50
31092,54600,5460,50
31093,54650,5465,50
31094,54700,5470,50
31095,54750,5475,50
31096,54800,5480,50
31097,54850,5485,50
31098,54900,5490,50
31099,54950,5495,50
31100,55000,5500,50
31101,55050,5505,50
31102,55100,5510,50
31103,55150,5515,50
31104,55200,5520,50
31105,55250,5525,50
31106,55300,5530,50
31107,55350,5535,50
31108,55400,5540,50
31109,55450,5545,50
31110,55500,5550,50
31111,55550,5555,50
31112,55600,5560,50
31113,55650,5565,50
31114,55700,5570,50
31115,55750,5575,50
31116,55800,5580,50
31117,55850,5585,50
31118,55900,5590,50
31119,55950,5595,50
31120,56000,5600,50
31121,56050,5605,50
31122,56100,5610,50
31123,56150,5615,50
31124,56200,5620,50
31125,56250,5625,50
31126,56300,5630,50
31127,56350,5635,50
31128,56400,5640,50
31129,56450,5645,50
31130,56500,5650,50
31131,56550,5655,50
31132,56600,5660,50
31133,56650,5665,50
31134,56700,5670,50
31135,56750,5675,50
31136,56800,5680,50
31137,56850,5685,50
31138,56900,5690,50
31139,56950,5695,50
31140,57000,5700,50
31141,57050,5705,50
31142,57100,5710,50
31143,57150,5715,50
31144,57200,5720,50
31145,57250,5725,50
31146,57300,5730,50
31147,57350,5735,50
31148,57400,5740,50
31149,57450,5745,50
31150,57500,5750,50
31151,57550,5755,50
31152,57600,5760,50
31153,57650,5765,50
31154,57700,5770,50
31155,57750,5775,50
31156,57800,5780,50
31157,57850,5785,50
31158,57900,5790,50
31159,57950,5795,50
31160,58000,5800,50
31161,58050,5805,50
31162,58100,5810,50
31163,58150,5815,50
31164,58200,5820,50
31165,58250,5825,50
31166,58300,5830,50
31167,58350,5835,50
31168,58400,5840,50
31169,58450,5845,50
31170,58500,5850,50
31171,58550,5855,50
31172,58600,5860,50
31173,58650,5865,50
31174,58700,5870,50
31175,58750,5875,50
31176,58800,5880,50
31177,58850,5885,50
31178,58900,5890,50
31179,58950,5895,50
31180,59000,5900,50
31181,59050,5905,50
31182,59100,5910,50
31183,59150,5915,50
31184,59200,5920,50
31185,59250,5925,50
31186,59300,5930,50
31187,59350,5935,50
31188,59400,5940,50
31189,59450,5945,50
31190,59500,5950,50
31191,59550,5955,50
31192,59600,5960,50
31193,59650,5965,50
31194,59700,5970,50
31195,59750,5975,50
31196,59800,5980,50
31197,59850,5985,50
31198,59900,5990,50
31199,59950,5995,50
31200,60000,6000,50
31201,60050,6005,50
31202,60100,6010,50
31203,60150,6015,50
31204,60200,6020,50
31205,60250,6025,50
31206,60300,6030,50
31207,60350,6035,50
31208,60400,6040,50
31209,60450,6045,50
31210,60500,6050,50
31211,60550,6055,50
31212,60600,6060,50
31213,60650,6065,50
31214,60700,6070,50
31215,60750,6075,50
31216,60800,6080,50
31217,60850,6085,50
31218,60900,6090,50
31219,60950,6095,50
31220,61000,6100,50
31221,61050,6105,50
31222,61100,6110,50
31223,61150,6115,50
31224,61200,6120,50
31225,61250,6125,50
31226,61300,6130,50
31227,61350,6135,50
31228,61400,6140,50
31229,61450,6145,50
31230,61500,6150,50
31231,61550,6155,50
31232,61600,6160,50
31233,61650,6165,50
31234,61700,6170,50
31235,61750,6175,50
31236,61800,6180,50
31237,61850,6185,50
31238,61900,6190,50
31239,61950,6195,50
31240,62000,6200,50
31241,62050,6205,50
31242,62100,6210,50
31243,62150,6215,50
31244,62200,6220,50
31245,62250,6225,50
31246,62300,6230,50
31247,62350,6235,50
31248,62400,6240,50
31249,62450,6245,50
31250,62500,6250,50
31251,62550,6255,50
31252,62600,6260,50
31253,62650,6265,50
31254,62700,6270,50
31255,62750,6275,50
31256,62800,6280,50
31257,62850,6285,50
31258,62900,6290,50
31259,62950,6295,50
31260,63000,6300,50
31261,63050,6305,50
31262,63100,6310,50
31263,63150,6315,50
31264,63200,6320,50
31265,63250,6325,50
31266,63300,6330,50
31267,63350,6335,50
31268,63400,6340,50
31269,63450,6345,50
31270,63500,6350,50
31271,63550,6355,50
31272,63600,6360,50
31273,63650,6365,50
31274,63700,6370,50
31275,63750,6375,50
31276,63800,6380,50
31277,63850,6385,50
31278,63900,6390,50
31279,63950,6395,50
31280,64000,6400,50
31281,64050,6405,50
31282,64100,6410,50
31283,64150,6415,50
31284,64200,6420,50
31285,64250,6425,50
31286,64300,6430,50
31287,64350,6435,50
31288,64400,6440,50
31289,64450,6445,50
31290,64500,6450,50
31291,64550,6455,50
31292,64600,6460,50
31293,64650,6465,50
31294,64700,6470,50
31295,64750,6475,50
31296,64800,6480,50
31297,64850,6485,50
31298,64900,6490,50
31299,64950,6495,50
31300,65000,6500,50
31301,65050,6505,50
31302,65100,6510,50
31303,65150,6515,50
31304,65200,6520,50
31305,65250,6525,50
31306,65300,6530,50
31307,65350,6535,50
31308,65400,6540,50
31309,65450,6545,50
31310,65500,6550,50
31311,65550,6555,50
31312,65600,6560,50
31313,65650,6565,50
31314,65700,6570,50
31315,65750,6575,50
31316,65800,6580,50
31317,65850,6585,50
31318,65900,6590,50
31319,65950,6595,50
31320,66000,6600,50
31321,66050,6605,50
31322,66100,6610,50
31323,66150,6615,50
31324,66200,6620,50
31325,66250,6625,50
31326,66300,6630,50
31327,66350,6635,50
31328,66400,6640,50
31329,66450,6645,50
31330,66500,6650,50
31331,66550,6655,50
31332,66600,6660,50
31333,66650,6665,50
31334,66700,6670,50
31335,66750,6675,50
31336,66800,6680,50
31337,66850,6685,50
31338,66900,6690,50
31339,66950,6695,50
31340,67000,6700,50
31341,67050,6705,50
31342,67100,6710,50
31343,67150,6715,50
31344,67200,6720,50
31345,67250,6725,50
31346,67300,6730,50
31347,67350,6735,50
31348,67400,6740,50
31349,67450,6745,50
31350,67500,6750,50
31351,67550,6755,50
31352,67600,6760,50
31353,67650,6765,50
31354,67700,6770,50
31355,67750,6775,50
31356,67800,6780,50
31357,67850,6785,50
31358,67900,6790,50
31359,67950,6795,50
31360,68000,6800,50
31361,68050,6805,50
31362,68100,6810,50
31363,68150,6815,50
31364,68200,6820,50
31365,68250,6825,50
31366,68300,6830,50
31367,68350,6835,50
31368,68400,6840,50
31369,68450,6845,50
31370,68500,6850,50
31371,68550,6855,50
31372,68600,6860,50
31373,68650,6865,50
31374,68700,6870,50
31375,68750,6875,50
31376,68800,6880,50
31377,68850,6885,50
31378,68900,6890,50
31379,68950,6895,50
31380,69000,6900,50
31381,69050,6905,50
31382,69100,6910,50
31383,69150,6915,50
31384,69200,6920,50
31385,69250,6925,50
31386,69300,6930,50
31387,69350,6935,50
31388,69400,6940,50
31389,69450,6945,50
31390,69500,6950,50
31391,69550,6955,50
31392,69600,6960,50
31393,69650,6965,50
31394,69700,6970,50
31395,69750,6975,50
31396,69800,6980,50
31397,69850,6985,50
31398,69900,6990,50
31399,69950,6995,50
31400,70000,7000,50
31401,70050,7005,50
31402,70100,7010,50
31403,70150,7015,50
31404,70200,7020,50
31405,70250,7025,50
31406,70300,7030,50
31407,70350,7035,50
31408,70400,7040,50
31409,70450,7045,50
31410,70500,7050,50
31411,70550,7055,50
31412,70600,7060,50
31413,70650,7065,50
31414,70700,7070,50
31415,70750,7075,50
31416,70800,7080,50
31417,70850,7085,50
31418,70900,7090,50
31419,70950,7095,50
31420,71000,7100,50
31421,71050,7105,50
31422,71100,7110,50
31423,71150,7115,50
31424,71200,7120,50
31425,71250,7125,50
31426,71300,7130,50
31427,71350,7135,50
31428,71400,7140,50
31429,71450,7145,50
31430,71500,7150,50
31431,71550,7155,50
31432,71600,7160,50
31433,71650,7165,50
31434,71700,7170,50
31435,71750,7175,50
31436,71800,7180,50
31437,71850,7185,50
31438,71900,7190,50
31439,71950,7195,50
31440,72000,7200,50
31441,72050,7205,50
31442,72100,7210,50
31443,72150,7215,50
31444,72200,7220,50
31445,72250,7225,50
31446,72300,7230,50
31447,72350,7235,50
31448,72400,7240,50
31449,72450,7245,50
31450,72500,7250,50
31451,72550,7255,50
31452,72600,7260,50
31453,72650,7265,50
31454,72700,7270,50
31455,72750,7275,50
31456,72800,7280,50
31457,72850,7285,50
31458,72900,7290,50
31459,72950,7295,50
31460,73000,7300,50
31461,73050,7305,50
31462,73100,7310,50
31463,73150,7315,50
31464,73200,7320,50
31465,73250,7325,50
31466,73300,7330,50
31467,73350,7335,50
31468,73400,7340,50
31469,73450,7345,50
31470,73500,7350,50
31471,73550,7355,50
31472,73600,7360,50
31473,73650,7365,50
31474,73700,7370,50
31475,73750,7375,50
31476,73800,7380,50
31477,73850,7385,50
31478,73900,7390,50
31479,73950,7395,50
31480,74000,7400,50
31481,74050,7405,50
31482,74100,7410,50
31483,74150,7415,50
31484,74200,7420,50
31485,74250,7425,50
31486,74300,7430,50
31487,74350,7435,50
31488,74400,7440,50
31489,74450,7445,50
31490,74500,7450,50
31491,74550,7455,50
31492,74600,7460,50
31493,74650,7465,50
31494,74700,7470,50
31495,74750,7475,50
31496,74800,7480,50
31497,74850,7485,50
31498,74900,7490,50
31499,74950,7495,50
31500,75000,7500,50
31501,75050,7505,50
31502,75100,7510,50
31503,75150,7515,50
31504,75200,7520,50
31505,75250,7525,50
31506,75300,7530,50
31507,75350,7535,50
31508,75400,7540,50
31509,75450,7545,50
31510,75500,7550,50
31511,75550,7555,50
31512,75600,7560,50
31513,75650,7565,50
31514,75700,7570,50
31515,75750,7575,50
31516,75800,7580,50
31517,75850,7585,50
31518,75900,7590,50
31519,75950,7595,50
31520,76000,7600,50
31521,76050,7605,50
31522,76100,7610,50
31523,76150,7615,50
31524,76200,7620,50
31525,76250,7625,50
31526,76300,7630,50
31527,76350,7635,50
31528,76400,7640,50
31529,76450,7645,50
31530,76500,7650,50
31531,76550,7655,50
31532,76600,7660,50
31533,76650,7665,50
31534,76700,7670,50
31535,76750,7675,50
31536,76800,7680,50
31537,76850,7685,50
31538,76900,7690,50
31539,76950,7695,50
31540,77000,7700,50
31541,77050,7705,50
31542,77100,7710,50
31543,77150,7715,50
31544,77200,7720,50
31545,77250,7725,50
31546,77300,7730,50
31547,77350,7735,50
31548,77400,7740,50
31549,77450,7745,50
31550,77500,7750,50
31551,77550,7755,50
31552,77600,7760,50
31553,77650,7765,50
31554,77700,7770,50
31555,77750,7775,50
31556,77800,7780,50
31557,77850,7785,50
31558,77900,7790,50
31559,77950,7795,50
31560,78000,7800,50
31561,78050,7805,50
31562,78100,7810,50
31563,78150,7815,50
31564,78200,7820,50
31565,78250,7825,50
31566,78300,7830,50
31567,78350,7835,50
31568,78400,7840,50
31569,78450,7845,50
31570,78500,7850,50
31571,78550,7855,50
31572,78600,7860,50
31573,78650,7865,50
31574,78700,7870,50
31575,78750,7875,50
31576,78800,7880,50
31577,78850,7885,50
31578,78900,7890,50
31579,78950,7895,50
31580,79000,7900,50
31581,79050,7905,50
31582,79100,7910,50
31583,79150,7915,50
31584,79200,7920,50
31585,79250,7925,50
31586,79300,7930,50
31587,79350,7935,50
31588,79400,7940,50
31589,79450,7945,50
31590,79500,7950,50
31591,79550,7955,50
31592,79600,7960,50
31593,79650,7965,50
31594,79700,7970,50
31595,79750,7975,50
31596,79800,7980,50
31597,79850,7985,50
31598,79900,7990,50
31599,79950,7995,50
31600,80000,8000,50
31601,80050,8005,50
31602,80100,8010,50
31603,80150,8015,50
31604,80200,8020,50
31605,80250,8025,50
31606,80300,8030,50
31607,80350,8035,50
31608,80400,8040,50
31609,80450,8045,50
31610,80500,8050,50
31611,80550,8055,50
31612,80600,8060,50
31613,80650,8065,50
31614,80700,8070,50
31615,80750,8075,50
31616,80800,8080,50
31617,80850,8085,50
31618,80900,8090,50
31619,80950,8095,50
31620,81000,8100,50
31621,81050,8105,50
31622,81100,8110,50
31623,81150,8115,50
31624,81200,8120,50
31625,81250,8125,50
31626,81300,8130,50
31627,81350,8135,50
31628,81400,8140,50
31629,81450,8145,50
31630,81500,8150,50
31631,81550,8155,50
31632,81600,8160,50
31633,81650,8165,50
31634,81700,8170,50
31635,81750,8175,50
31636,81800,8180,50
31637,81850,8185,50
31638,81900,8190,50
31639,81950,8195,50
31640,82000,8200,50
31641,82050,8205,50
31642,82100,8210,50
31643,82150,8215,50
31644,82200,8220,50
31645,82250,8225,50
31646,82300,8230,50
31647,82350,8235,50
31648,82400,8240,50
31649,82450,8245,50
31650,82500,8250,50
31651,82550,8255,50
31652,82600,8260,50
31653,82650,8265,50
31654,82700,8270,50
31655,82750,8275,50
31656,82800,8280,50
31657,82850,8285,50
31658,82900,8290,50
31659,82950,8295,50
31660,83000,8300,50
31661,83050,8305,50
31662,83100,8310,50
31663,83150,8315,50
31664,83200,8320,50
31665,83250,8325,50
31666,83300,8330,50
31667,83350,8335,50
31668,83400,8340,50
31669,83450,8345,50
31670,83500,8350,50
31671,83550,8355,50
31672,83600,8360,50
31673,83650,8365,50
31674,83700,8370,50
31675,83750,8375,50
31676,83800,8380,50
31677,83850,8385,50
31678,83900,8390,50
31679,83950,8395,50
31680,84000,8400,50
31681,84050,8405,50
31682,84100,8410,50
31683,84150,8415,50
31684,84200,8420,50
31685,84250,8425,50
31686,84300,8430,50
31687,84350,8435,50
31688,84400,8440,50
31689,84450,8445,50
31690,84500,8450,50
31691,84550,8455,50
31692,84600,8460,50
31693,84650,8465,50
31694,84700,8470,50
31695,84750,8475,50
31696,84800,8480,50
31697,84850,8485,50
31698,84900,8490,50
31699,84950,8495,50
31700,85000,8500,50
31701,85050,8505,50
31702,85100,8510,50
31703,85150,8515,50
31704,85200,8520,50
31705,85250,8525,50
31706,85300,8530,50
31707,85350,8535,50
31708,85400,8540,50
31709,85450,8545,50
31710,85500,8550,50
31711,85550,8555,50
31712,85600,8560,50
31713,85650,8565,50
31714,85700,8570,50
31715,85750,8575,50
31716,85800,8580,50
31717,85850,8585,50
31718,85900,8590,50
31719,85950,8595,50
31720,86000,8600,50
31721,86050,8605,50
31722,86100,8610,50
31723,86150,8615,50
31724,86200,8620,50
31725,86250,8625,50
31726,86300,8630,50
31727,86350,8635,50
31728,86400,8640,50
31729,86450,8645,50
31730,86500,8650,50
31731,86550,8655,50
31732,86600,8660,50
31733,86650,8665,50
31734,86700,8670,50
31735,86750,8675,50
31736,86800,8680,50
31737,86850,8685,50
31738,86900,8690,50
31739,86950,8695,50
31740,87000,8700,50
31741,87050,8705,50
31742,87100,8710,50
31743,87150,8715,50
31744,87200,8720,50
31745,87250,8725,50
31746,87300,8730,50
31747,87350,8735,50
31748,87400,8740,50
31749,87450,8745,50
31750,87500,8750,50
31751,87550,8755,50
31752,87600,8760,50
31753,87650,8765,50
31754,87700,8770,50
31755,87750,8775,50
31756,87800,8780,50
31757,87850,8785,50
31758,87900,8790,50
31759,87950,8795,50
31760,88000,8800,50
31761,88050,8805,50
31762,88100,8810,50
31763,88150,8815,50
31764,88200,8820,50
31765,88250,8825,50
31766,88300,8830,50
31767,88350,8835,50
31768,88400,8840,50
31769,88450,8845,50
31770,88500,8850,50
31771,88550,8855,50
31772,88600,8860,50
31773,88650,8865,50
31774,88700,8870,50
31775,88750,8875,50
31776,88800,8880,50
31777,88850,8885,50
31778,88900,8890,50
31779,88950,8895,50
31780,89000,8900,50
31781,89050,8905,50
31782,89100,8910,50
31783,89150,8915,50
31784,89200,8920,50
31785,89250,8925,50
31786,89300,8930,50
31787,89350,8935,50
31788,89400,8940,50
31789,89450,8945,50
31790,89500,8950,50
31791,89550,8955,50
31792,89600,8960,50
31793,89650,8965,50
31794,89700,8970,50
31795,89750,8975,50
31796,89800,8980,50
31797,89850,8985,50
31798,89900,8990,50
31799,89950,8995,50
31800,90000,9000,50
31801,90050,9005,50
31802,90100,9010,50
31803,90150,9015,50
31804,90200,9020,50
31805,90250,9025,50
31806,90300,9030,50
31807,90350,9035,50
31808,90400,9040,50
31809,90450,9045,50
31810,90500,9050,50
31811,90550,9055,50
31812,90600,9060,50
31813,90650,9065,50
31814,90700,9070,50
31815,90750,9075,50
31816,90800,9080,50
31817,90850,9085,50
31818,90900,9090,50
31819,90950,9095,50
31820,91000,9100,50
31821,91050,9105,50
31822,91100,9110,50
31823,91150,9115,50
31824,91200,9120,50
31825,91250,9125,50
31826,91300,9130,50
31827,91350,9135,50
31828,91400,9140,50
31829,91450,9145,50
31830,91500,9150,50
31831,91550,9155,50
31832,91600,9160,50
31833,91650,9165,50
31834,91700,9170,50
31835,91750,9175,50
31836,91800,9180,50
31837,91850,9185,50
31838,91900,9190,50
31839,91950,9195,50
31840,92000,9200,50
31841,92050,9205,50
31842,92100,9210,50
31843,92150,9215,50
31844,92200,9220,50
31845,92250,9225,50
31846,92300,9230,50
31847,92350,9235,50
31848,92400,9240,50
31849,92450,9245,50
31850,92500,9250,50
31851,92550,9255,50
31852,92600,9260,50
31853,92650,9265,50
31854,92700,9270,50
31855,92750,9275,50
31856,92800,9280,50
31857,92850,9285,50
31858,92900,9290,50
31859,92950,9295,50
31860,93000,9300,50
31861,93050,9305,50
31862,93100,9310,50
31863,93150,9315,50
31864,93200,9320,50
31865,93250,9325,50
31866,93300,9330,50
31867,93350,9335,50
31868,93400,9340,50
31869,93450,9345,50
31870,93500,9350,50
31871,93550,9355,50
31872,93600,9360,50
31873,93650,9365,50
31874,93700,9370,50
31875,93750,9375,50
31876,93800,9380,50
31877,93850,9385,50
31878,93900,9390,50
31879,93950,9395,50
31880,94000,9400,50
31881,94050,9405,50
31882,94100,9410,50
31883,94150,9415,50
31884,94200,9420,50
31885,94250,9425,50
31886,94300,9430,50
31887,94350,9435,50
31888,94400,9440,50
31889,94450,9445,50
31890,94500,9450,50
31891,94550,9455,50
31892,94600,9460,50
31893,94650,9465,50
31894,94700,9470,50
31895,94750,9475,50
31896,94800,9480,50
31897,94850,9485,50
31898,94900,9490,50
31899,94950,9495,50
31900,95000,9500,50
31901,95050,9505,50
31902,95100,9510,50
31903,95150,9515,50
31904,95200,9520,50
31905,95250,9525,50
31906,95300,9530,50
31907,95350,9535,50
31908,95400,9540,50
31909,95450,9545,50
31910,95500,9550,50
31911,95550,9555,50
31912,95600,9560,50
31913,95650,9565,50
31914,95700,9570,50
31915,95750,9575,50
31916,95800,9580,50
31917,95850,9585,50
31918,95900,9590,50
31919,95950,9595,50
31920,96000,9600,50
31921,96050,9605,50
31922,96100,9610,50
31923,96150,9615,50
31924,96200,9620,50
31925,96250,9625,50
31926,96300,9630,50
31927,96350,9635,50
31928,96400,9640,50
31929,96450,9645,50
31930,96500,9650,50
31931,96550,9655,50
31932,96600,9660,50
31933,96650,9665,50
31934,96700,9670,50
31935,96750,9675,50
31936,96800,9680,50
31937,96850,9685,50
31938,96900,9690,50
31939,96950,9695,50
31940,97000,9700,50
31941,97050,9705,50
31942,97100,9710,50
31943,97150,9715,50
31944,97200,9720,50
31945,97250,9725,50
31946,97300,9730,50
31947,97350,9735,50
31948,97400,9740,50
31949,97450,9745,50
31950,97500,9750,50
31951,97550,9755,50
31952,97600,9760,50
31953,97650,9765,50
31954,97700,9770,50
31955,97750,9775,50
31956,97800,9780,50
31957,97850,9785,50
31958,97900,9790,50
31959,97950,9795,50
31960,98000,9800,50
31961,98050,9805,50
31962,98100,9810,50
31963,98150,9815,50
31964,98200,9820,50
31965,98250,9825,50
31966,98300,9830,50
31967,98350,9835,50
31968,98400,9840,50
31969,98450,9845,50
31970,98500,9850,50
31971,98550,9855,50
31972,98600,9860,50
31973,98650,9865,50
31974,98700,9870,50
31975,98750,9875,50
31976,98800,9880,50
31977,98850,9885,50
31978,98900,9890,50
31979,98950,9895,50
31980,99000,9900,50
31981,99050,9905,50
31982,99100,9910,50
31983,99150,9915,50
31984,99200,9920,50
31985,99250,9925,50
31986,99300,9930,50
31987,99350,9935,50
31988,99400,9940,50
31989,99450,9945,50
31990,99500,9950,50
31991,99550,9955,50
31992,99600,9960,50
31993,99650,9965,50
31994,99700,9970,50
31995,99750,9975,50
31996,99800,9980,50
31997,99850,9985,50
31998,99900,9990,50
31999,99950,9995,50
32000,100000,10000,50
32001,100050,10005,50
32002,100100,10010,50
32003,100150,10015,50
32004,100200,10020,50
32005,100250,10025,50
32006,100300,10030,50
32007,100350,10035,50
32008,100400,10040,50
32009,100450,10045,50
32010,100500,10050,50
32011,100550,10055,50
32012,100600,10060,50
32013,100650,10065,50
32014,100700,10070,50
32015,100750,10075,50
32016,100800,10080,50
32017,100850,10085,50
32018,100900,10090,50
32019,100950,10095,50
32020,101000,10100,50
32021,101050,10105,50
32022,101100,10110,50
32023,101150,10115,50
32024,101200,10120,50
32025,101250,10125,50
32026,101300,10130,50
32027,101350,10135,50
32028,101400,10140,50
32029,101450,10145,50
32030,101500,10150,50
32031,101550,10155,50
32032,101600,10160,50
32033,101650,10165,50
32034,101700,10170,50
32035,101750,10175,50
32036,101800,10180,50
32037,101850,10185,50
32038,101900,10190,50
32039,101950,10195,50
32040,102000,10200,50
32041,102050,10205,50
32042,102100,10210,50
32043,102150,10215,50
32044,102200,10220,50
32045,102250,10225,50
32046,102300,10230,50
32047,102350,10235,50
32048,102400,10240,50
32049,102450,10245,50
32050,102500,10250,50
32051,102550,10255,50
32052,102600,10260,50
32053,102650,10265,50
32054,102700,10270,50
32055,102750,10275,50
32056,102800,10280,50
32057,102850,10285,50
32058,102900,10290,50
32059,102950,10295,50
32060,103000,10300,50
32061,103050,10305,50
32062,103100,10310,50
32063,103150,10315,50
32064,103200,10320,50
32065,103250,10325,50
32066,103300,10330,50
32067,103350,10335,50
32068,103400,10340,50
32069,103450,10345,50
32070,103500,10350,50
32071,103550,10355,50
32072,103600,10360,50
32073,103650,10365,50
32074,103700,10370,50
32075,103750,10375,50
32076,103800,10380,50
32077,103850,10385,50
32078,103900,10390,50
32079,103950,10395,50
32080,104000,10400,50
32081,104050,10405,50
32082,104100,10410,50
32083,104150,10415,50
32084,104200,10420,50
32085,104250,10425,50
32086,104300,10430,50
32087,104350,10435,50
32088,104400,10440,50
32089,104450,10445,50
32090,104500,10450,50
32091,104550,10455,50
32092,104600,10460,50
32093,104650,10465,50
32094,104700,10470,50
32095,104750,10475,50
32096,104800,10480,50
32097,104850,10485,50
32098,104900,10490,50
32099,104950,10495,50
32100,105000,10500,50
32101,105050,10505,50
32102,105100,10510,50
32103,105150,10515,50
32104,105200,10520,50
32105,105250,10525,50
32106,105300,10530,50
32107,105350,10535,50
32108,105400,10540,50
32109,105450,10545,50
32110,105500,10550,50
32111,105550,10555,50
32112,105600,10560,50
32113,105650,10565,50
32114,105700,10570,50
32115,105750,10575,50
32116,105800,10580,50
32117,105850,10585,50
32118,105900,10590,50
32119,105950,10595,50
32120,106000,10600,50
32121,106050,10605,50
32122,106100,10610,50
32123,106150,10615,50
32124,106200,10620,50
32125,106250,10625,50
32126,106300,10630,50
32127,106350,10635,50
32128,106400,10640,50
32129,106450,10645,50
32130,106500,10650,50
32131,106550,10655,50
32132,106600,10660,50
32133,106650,10665,50
32134,106700,10670,50
32135,106750,10675,50
32136,106800,10680,50
32137,106850,10685,50
32138,106900,10690,50
32139,106950,10695,50
32140,107000,10700,50
32141,107050,10705,50
32142,107100,10710,50
32143,107150,10715,50
32144,107200,10720,50
32145,107250,10725,50
32146,107300,10730,50
32147,107350,10735,50
32148,107400,10740,50
32149,107450,10745,50
32150,107500,10750,50
32151,107550,10755,50
32152,107600,10760,50
32153,107650,10765,50
32154,107700,10770,50
32155,107750,10775,50
32156,107800,10780,50
32157,107850,10785,50
32158,107900,10790,50
32159,107950,10795,50
32160,108000,10800,50
32161,108050,10805,50
32162,108100,10810,50
32163,108150,10815,50
32164,108200,10820,50
32165,108250,10825,50
32166,108300,10830,50
32167,108350,10835,50
32168,108400,10840,50
32169,108450,10845,50
32170,108500,10850,50
32171,108550,10855,50
32172,108600,10860,50
32173,108650,10865,50
32174,108700,10870,50
32175,108750,10875,50
32176,108800,10880,50
32177,108850,10885,50
32178,108900,10890,50
32179,108950,10895,50
32180,109000,10900,50
32181,109050,10905,50
32182,109100,10910,50
32183,109150,10915,50
32184,109200,10920,50
32185,109250,10925,50
32186,109300,10930,50
32187,109350,10935,50
32188,109400,10940,50
32189,109450,10945,50
32190,109500,10950,50
32191,109550,10955,50
32192,109600,10960,50
32193,109650,10965,50
32194,109700,10970,50
32195,109750,10975,50
32196,109800,10980,50
32197,109850,10985,50
32198,109900,10990,50
32199,109950,10995,50
32200,110000,11000,50
32201,110050,11005,50
32202,110100,11010,50
32203,110150,11015,50
32204,110200,11020,50
32205,110250,11025,50
32206,110300,11030,50
32207,110350,11035,50
32208,110400,11040,50
32209,110450,11045,50
32210,110500,11050,50
32211,110550,11055,50
32212,110600,11060,50
32213,110650,11065,50
32214,110700,11070,50
32215,110750,11075,50
32216,110800,11080,50
32217,110850,11085,50
32218,110900,11090,50
32219,110950,11095,50
32220,111000,11100,50
32221,111050,11105,50
32222,111100,11110,50
32223,111150,11115,50
32224,111200,11120,50
32225,111250,11125,50
32226,111300,11130,50
32227,111350,11135,50
32228,111400,11140,50
32229,111450,11145,50
32230,111500,11150,50
32231,111550,11155,50
32232,111600,11160,50
32233,111650,11165,50
32234,111700,11170,50
32235,111750,11175,50
32236,111800,11180,50
32237,111850,11185,50
32238,111900,11190,50
32239,111950,11195,50
32240,112000,11200,50
32241,112050,11205,50
32242,112100,11210,50
32243,112150,11215,50
32244,112200,11220,50
32245,112250,11225,50
32246,112300,11230,50
32247,112350,11235,50
32248,112400,11240,50
32249,112450,11245,50
32250,112500,11250,50
32251,112550,11255,50
32252,112600,11260,50
32253,112650,11265,50
32254,112700,11270,50
32255,112750,11275,50
32256,112800,11280,50
32257,112850,11285,50
32258,112900,11290,50
32259,112950,11295,50
32260,113000,11300,50
32261,113050,11305,50
32262,113100,11310,50
32263,113150,11315,50
32264,113200,11320,50
32265,113250,11325,50
32266,113300,11330,50
32267,113350,11335,50
32268,113400,11340,50
32269,113450,11345,50
32270,113500,11350,50
32271,113550,11355,50
32272,113600,11360,50
32273,113650,11365,50
32274,113700,11370,50
32275,113750,11375,50
32276,113800,11380,50
32277,113850,11385,50
32278,113900,11390,50
32279,113950,11395,50
32280,114000,11400,50
32281,114050,11405,50
32282,114100,11410,50
32283,114150,11415,50
32284,114200,11420,50
32285,114250,11425,50
32286,114300,11430,50
32287,114350,11435,50
32288,114400,11440,50
32289,114450,11445,50
32290,114500,11450,50
32291,114550,11455,50
32292,114600,11460,50
32293,114650,11465,50
32294,114700,11470,50
32295,114750,11475,50
32296,114800,11480,50
32297,114850,11485,50
32298,114900,11490,50
32299,114950,11495,50
32300,115000,11500,50
32301,115050,11505,50
32302,115100,11510,50
32303,115150,11515,50
32304,115200,11520,50
32305,115250,11525,50
32306,115300,11530,50
32307,115350,11535,50
32308,115400,11540,50
32309,115450,11545,50
32310,115500,11550,50
32311,115550,11555,50
32312,115600,11560,50
32313,115650,11565,50
32314,115700,11570,50
32315,115750,11575,50
32316,115800,11580,50
32317,115850,11585,50
32318,115900,11590,50
32319,115950,11595,50
32320,116000,11600,50
32321,116050,11605,50
32322,116100,11610,50
32323,116150,11615,50
32324,116200,11620,50
32325,116250,11625,50
32326,116300,11630,50
32327,116350,11635,50
32328,116400,11640,50
32329,116450,11645,50
32330,116500,11650,50
32331,116550,11655,50
32332,116600,11660,50
32333,116650,11665,50
32334,116700,11670,50
32335,116750,11675,50
32336,116800,11680,50
32337,116850,11685,50
32338,116900,11690,50
32339,116950,11695,50
32340,117000,11700,50
32341,117050,11705,50
32342,117100,11710,50
32343,117150,11715,50
32344,117200,11720,50
32345,117250,11725,50
32346,117300,11730,50
32347,117350,11735,50
32348,117400,11740,50
32349,117450,11745,50
32350,117500,11750,50
32351,117550,11755,50
32352,117600,11760,50
32353,117650,11765,50
32354,117700,11770,50
32355,117750,11775,50
32356,117800,11780,50
32357,117850,11785,50
32358,117900,11790,50
32359,117950,11795,50
32360,118000,11800,50
32361,118050,11805,50
32362,118100,11810,50
32363,118150,11815,50
32364,118200,11820,50
32365,118250,11825,50
32366,118300,11830,50
32367,118350,11835,50
32368,118400,11840,50
32369,118450,11845,50
32370,118500,11850,50
32371,118550,11855,50
32372,118600,11860,50
32373,118650,11865,50
32374,118700,11870,50
32375,118750,11875,50
32376,118800,11880,50
32377,118850,11885,50
32378,118900,11890,50
32379,118950,11895,50
32380,119000,11900,50
32381,119050,11905,50
32382,119100,11910,50
32383,119150,11915,50
32384,119200,11920,50
32385,119250,11925,50
32386,119300,11930,50
32387,119350,11935,50
32388,119400,11940,50
32389,119450,11945,50
32390,119500,11950,50
32391,119550,11955,50
32392,119600,11960,50
32393,119650,11965,50
32394,119700,11970,50
32395,119750,11975,50
32396,119800,11980,50
32397,119850,11985,50
32398,119900,11990,50
32399,119950,11995,50
32400,120000,12000,50
32401,120050,12005,50
32402,120100,12010,50
32403,120150,12015,50
32404,120200,12020,50
32405,120250,12025,50
32406,120300,12030,50
32407,120350,12035,50
32408,120400,12040,50
32409,120450,12045,50
32410,120500,12050,50
32411,120550,12055,50
32412,120600,12060,50
32413,120650,12065,50
32414,120700,12070,50
32415,120750,12075,50
32416,120800,12080,50
32417,120850,12085,50
32418,120900,12090,50
32419,120950,12095,50
32420,121000,12100,50
32421,121050,12105,50
32422,121100,12110,50
32423,121150,12115,50
32424,121200,12120,50
32425,121250,12125,50
32426,121300,12130,50
32427,121350,12135,50
32428,121400,12140,50
32429,121450,12145,50
32430,121500,12150,50
32431,121550,12155,50
32432,121600,12160,50
32433,121650,12165,50
32434,121700,12170,50
32435,121750,12175,50
32436,121800,12180,50
32437,121850,12185,50
32438,121900,12190,50
32439,121950,12195,50
32440,122000,12200,50
32441,122050,12205,50
32442,122100,12210,50
32443,122150,12215,50
32444,122200,12220,50
32445,122250,12225,50
32446,122300,12230,50
32447,122350,12235,50
32448,122400,12240,50
32449,122450,12245,50
32450,122500,12250,50
32451,122550,12255,50
32452,122600,12260,50
32453,122650,12265,50
32454,122700,12270,50
32455,122750,12275,50
32456,122800,12280,50
32457,122850,12285,50
32458,122900,12290,50
32459,122950,12295,50
32460,123000,12300,50
32461,123050,12305,50
32462,123100,12310,50
32463,123150,12315,50
32464,123200,12320,50
32465,123250,12325,50
32466,123300,12330,50
32467,123350,12335,50
32468,123400,12340,50
32469,123450,12345,50
32470,123500,12350,50
32471,123550,12355,50
32472,123600,12360,50
32473,123650,12365,50
32474,123700,12370,50
32475,123750,12375,50
32476,123800,12380,50
32477,123850,12385,50
32478,123900,12390,50
32479,123950,12395,50
32480,124000,12400,50
32481,124050,12405,50
32482,124100,12410,50
32483,124150,12415,50
32484,124200,12420,50
32485,124250,12425,50
32486,124300,12430,50
32487,124350,12435,50
32488,124400,12440,50
32489,124450,12445,50
32490,124500,12450,50
32491,124550,12455,50
32492,124600,12460,50
32493,124650,12465,50
32494,124700,12470,50
32495,124750,12475,50
32496,124800,12480,50
32497,124850,12485,50
32498,124900,12490,50
32499,124950,12495,50
32500,125000,12500,50
32501,125050,12505,50
32502,125100,12510,50
32503,125150,12515,50
32504,125200,12520,50
32505,125250,12525,50
32506,125300,12530,50
32507,125350,12535,50
32508,125400,12540,50
32509,125450,12545,50
32510,125500,12550,50
32511,125550,12555,50
32512,125600,12560,50
32513,125650,12565,50
32514,125700,12570,50
32515,125750,12575,50
32516,125800,12580,50
32517,125850,12585,50
32518,125900,12590,50
32519,125950,12595,50
32520,126000,12600,50
32521,126050,12605,50
32522,126100,12610,50
32523,126150,12615,50
32524,126200,12620,50
32525,126250,12625,50
32526,126300,12630,50
32527,126350,12635,50
32528,126400,12640,50
32529,126450,12645,50
32530,126500,12650,50
32531,126550,12655,50
32532,126600,12660,50
32533,126650,12665,50
32534,126700,12670,50
32535,126750,12675,50
32536,126800,12680,50
32537,126850,12685,50
32538,126900,12690,50
32539,126950,12695,50
32540,127000,12700,50
32541,127050,12705,50
32542,127100,12710,50
32543,127150,12715,50
32544,127200,12720,50
32545,127250,12725,50
32546,127300,12730,50
32547,127350,12735,50
32548,127400,12740,50
32549,127450,12745,50
32550,127500,12750,50
32551,127550,12755,50
32552,127600,12760,50
32553,127650,12765,50
32554,127700,12770,50
32555,127750,12775,50
32556,127800,12780,50
32557,127850,12785,50
32558,127900,12790,50
32559,127950,12795,50
32560,128000,12800,50
32561,128050,12805,50
32562,128100,12810,50
32563,128150,12815,50
32564,128200,12820,50
32565,128250,12825,50
32566,128300,12830,50
32567,128350,12835,50
32568,128400,12840,50
32569,128450,12845,50
32570,128500,12850,50
32571,128550,12855,50
32572,128600,12860,50
32573,128650,12865,50
32574,128700,12870,50
32575,128750,12875,50
32576,128800,12880,50
32577,128850,12885,50
32578,128900,12890,50
32579,128950,12895,50
32580,129000,12900,50
32581,129050,12905,50
32582,129100,12910,50
32583,129150,12915,50
32584,129200,12920,50
32585,129250,12925,50
32586,129300,12930,50
32587,129350,12935,50
32588,129400,12940,50
32589,129450,12945,50
32590,129500,12950,50
32591,129550,12955,50
32592,129600,12960,50
32593,129650,12965,50
32594,129700,12970,50
32595,129750,12975,50
32596,129800,12980,50
32597,129850,12985,50
32598,129900,12990,50
32599,129950,12995,50
32600,130000,13000,50
32601,130050,13005,50
32602,130100,13010,50
32603,130150,13015,50
32604,130200,13020,50
32605,130250,13025,50
32606,130300,13030,50
32607,130350,13035,50
32608,130400,13040,50
32609,130450,13045,50
32610,130500,13050,50
32611,130550,13055,50
32612,130600,13060,50
32613,130650,13065,50
32614,130700,13070,50
32615,130750,13075,50
32616,130800,13080,50
32617,130850,13085,50
32618,130900,13090,50
32619,130950,13095,50
32620,131000,13100,50
32621,131050,13105,50
32622,131100,13110,50
32623,131150,13115,50
32624,131200,13120,50
32625,131250,13125,50
32626,131300,13130,50
32627,131350,13135,50
32628,131400,13140,50
32629,131450,13145,50
32630,131500,13150,50
32631,131550,13155,50
32632,131600,13160,50
32633,131650,13165,50
32634,131700,13170,50
32635,131750,13175,50
32636,131800,13180,50
32637,131850,13185,50
32638,131900,13190,50
32639,131950,13195,50
32640,132000,13200,50
32641,132050,13205,50
32642,132100,13210,50
32643,132150,13215,50
32644,132200,13220,50
32645,132250,13225,50
32646,132300,13230,50
32647,132350,13235,50
32648,132400,13240,50
32649,132450,13245,50
32650,132500,13250,50
32651,132550,13255,50
32652,132600,13260,50
32653,132650,13265,50
32654,132700,13270,50
32655,132750,13275,50
32656,132800,13280,50
32657,132850,13285,50
32658,132900,13290,50
32659,132950,13295,50
32660,133000,13300,50
32661,133050,13305,50
32662,133100,13310,50
32663,133150,13315,50
32664,133200,13320,50
32665,133250,13325,50
32666,133300,13330,50
32667,133350,13335,50
32668,133400,13340,50
32669,133450,13345,50
32670,133500,13350,50
32671,133550,13355,50
32672,133600,13360,50
32673,133650,13365,50
32674,133700,13370,50
32675,133750,13375,50
32676,133800,13380,50
32677,133850,13385,50
32678,133900,13390,50
32679,133950,13395,50
32680,134000,13400,50
32681,134050,13405,50
32682,134100,13410,50
32683,134150,13415,50
32684,134200,13420,50
32685,134250,13425,50
32686,134300,13430,50
32687,134350,13435,50
32688,134400,13440,50
32689,134450,13445,50
32690,134500,13450,50
32691,134550,13455,50
32692,134600,13460,50
32693,134650,13465,50
32694,134700,13470,50
32695,134750,13475,50
32696,134800,13480,50
32697,134850,13485,50
32698,134900,13490,50
32699,134950,13495,50
32700,135000,13500,50
32701,135050,13505,50
32702,135100,13510,50
32703,135150,13515,50
32704,135200,13520,50
32705,135250,13525,50
32706,135300,13530,50
32707,135350,13535,50
32708,135400,13540,50
32709,135450,13545,50
32710,135500,13550,50
32711,135550,13555,50
32712,135600,13560,50
32713,135650,13565,50
32714,135700,13570,50
32715,135750,13575,50
32716,135800,13580,50
32717,135850,13585,50
32718,135900,13590,50
32719,135950,13595,50
32720,136000,13600,50
32721,136050,13605,50
32722,136100,13610,50
32723,136150,13615,50
32724,136200,13620,50
32725,136250,13625,50
32726,136300,13630,50
32727,136350,13635,50
32728,136400,13640,50
32729,136450,13645,50
32730,136500,13650,50
32731,136550,13655,50
32732,136600,13660,50
32733,136650,13665,50
32734,136700,13670,50
32735,136750,13675,50
32736,136800,13680,50
32737,136850,13685,50
32738,136900,13690,50
32739,136950,13695,50
32740,137000,13700,50
32741,137050,13705,50
32742,137100,13710,50
32743,137150,13715,50
32744,137200,13720,50
32745,137250,13725,50
32746,137300,13730,50
32747,137350,13735,50
32748,137400,13740,50
32749,137450,13745,50
32750,137500,13750,50
32751,137550,13755,50
32752,137600,13760,50
32753,137650,13765,50
32754,137700,13770,50
32755,137750,13775,50
32756,137800,13780,50
32757,137850,13785,50
32758,137900,13790,50
32759,137950,13795,50
32760,138000,13800,50
32761,138050,13805,50
32762,138100,13810,50
32763,138150,13815,50
32764,138200,13820,50
32765,138250,13825,50
32766,138300,13830,50
32767,138350,13835,50
32768,138400,13840,50
32769,138450,13845,50
32770,138500,13850,50
32771,138550,13855,50
32772,138600,13860,50
32773,138650,13865,50
32774,138700,13870,50
32775,138750,13875,50
32776,138800,13880,50
32777,138850,13885,50
32778,138900,13890,50
32779,138950,13895,50
32780,139000,13900,50
32781,139050,13905,50
32782,139100,13910,50
32783,139150,13915,50
32784,139200,13920,50
32785,139250,13925,50
32786,139300,13930,50
32787,139350,13935,50
32788,139400,13940,50
32789,139450,13945,50
32790,139500,13950,50
32791,139550,13955,50
32792,139600,13960,50
32793,139650,13965,50
32794,139700,13970,50
32795,139750,13975,50
32796,139800,13980,50
32797,139850,13985,50
32798,139900,13990,50
32799,139950,13995,50
32800,140000,14000,50
32801,140050,14005,50
32802,140100,14010,50
32803,140150,14015,50
32804,140200,14020,50
32805,140250,14025,50
32806,140300,14030,50
32807,140350,14035,50
32808,140400,14040,50
32809,140450,14045,50
32810,140500,14050,50
32811,140550,14055,50
32812,140600,14060,50
32813,140650,14065,50
32814,140700,14070,50
32815,140750,14075,50
32816,140800,14080,50
32817,140850,14085,50
32818,140900,14090,50
32819,140950,14095,50
32820,141000,14100,50
32821,141050,14105,50
32822,141100,14110,50
32823,141150,14115,50
32824,141200,14120,50
32825,141250,14125,50
32826,141300,14130,50
32827,141350,14135,50
32828,141400,14140,50
32829,141450,14145,50
32830,141500,14150,50
32831,141550,14155,50
32832,141600,14160,50
32833,141650,14165,50
32834,141700,14170,50
32835,141750,14175,50
32836,141800,14180,50
32837,141850,14185,50
32838,141900,14190,50
32839,141950,14195,50
32840,142000,14200,50
32841,142050,14205,50
32842,142100,14210,50
32843,142150,14215,50
32844,142200,14220,50
32845,142250,14225,50
32846,142300,14230,50
32847,142350,14235,50
32848,142400,14240,50
32849,142450,14245,50
32850,142500,14250,50
32851,142550,14255,50
32852,142600,14260,50
32853,142650,14265,50
32854,142700,14270,50
32855,142750,14275,50
32856,142800,14280,50
32857,142850,14285,50
32858,142900,14290,50
32859,142950,14295,50
32860,143000,14300,50
32861,143050,14305,50
32862,143100,14310,50
32863,143150,14315,50
32864,143200,14320,50
32865,143250,14325,50
32866,143300,14330,50
32867,143350,14335,50
32868,143400,14340,50
32869,143450,14345,50
32870,143500,14350,50
32871,143550,14355,50
32872,143600,14360,50
32873,143650,14365,50
32874,143700,14370,50
32875,143750,14375,50
32876,143800,14380,50
32877,143850,14385,50
32878,143900,14390,50
32879,143950,14395,50
32880,144000,14400,50
32881,144050,14405,50
32882,144100,14410,50
32883,144150,14415,50
32884,144200,14420,50
32885,144250,14425,50
32886,144300,14430,50
32887,144350,14435,50
32888,144400,14440,50
32889,144450,14445,50
32890,144500,14450,50
32891,144550,14455,50
32892,144600,14460,50
32893,144650,14465,50
32894,144700,14470,50
32895,144750,14475,50
32896,144800,14480,50
32897,144850,14485,50
32898,144900,14490,50
32899,144950,14495,50
32900,145000,14500,50
32901,145050,14505,50
32902,145100,14510,50
32903,145150,14515,50
32904,145200,14520,50
32905,145250,14525,50
32906,145300,14530,50
32907,145350,14535,50
32908,145400,14540,50
32909,145450,14545,50
32910,145500,14550,50
32911,145550,14555,50
32912,145600,14560,50
32913,145650,14565,50
32914,145700,14570,50
32915,145750,14575,50
32916,145800,14580,50
32917,145850,14585,50
32918,145900,14590,50
32919,145950,14595,50
32920,146000,14600,50
32921,146050,14605,50
32922,146100,14610,50
32923,146150,14615,50
32924,146200,14620,50
32925,146250,14625,50
32926,146300,14630,50
32927,146350,14635,50
32928,146400,14640,50
32929,146450,14645,50
32930,146500,14650,50
32931,146550,14655,50
32932,146600,14660,50
32933,146650,14665,50
32934,146700,14670,50
32935,146750,14675,50
32936,146800,14680,50
32937,146850,14685,50
32938,146900,14690,50
32939,146950,14695,50
32940,147000,14700,50
32941,147050,14705,50
32942,147100,14710,50
32943,147150,14715,50
32944,147200,14720,50
32945,147250,14725,50
32946,147300,14730,50
32947,147350,14735,50
32948,147400,14740,50
32949,147450,14745,50
32950,147500,14750,50
32951,147550,14755,50
32952,147600,14760,50
32953,147650,14765,50
32954,147700,14770,50
32955,147750,14775,50
32956,147800,14780,50
32957,147850,14785,50
32958,147900,14790,50
32959,147950,14795,50
32960,148000,14800,50
32961,148050,14805,50
32962,148100,14810,50
32963,148150,14815,50
32964,148200,14820,50
32965,148250,14825,50
32966,148300,14830,50
32967,148350,14835,50
32968,148400,14840,50
32969,148450,14845,50
32970,148500,14850,50
32971,148550,14855,50
32972,148600,14860,50
32973,148650,14865,50
32974,148700,14870,50
32975,148750,14875,50
32976,148800,14880,50
32977,148850,14885,50
32978,148900,14890,50
32979,148950,14895,50
32980,149000,14900,50
32981,149050,14905,50
32982,149100,14910,50
32983,149150,14915,50
32984,149200,14920,50
32985,149250,14925,50
32986,149300,14930,50
32987,149350,14935,50
32988,149400,14940,50
32989,149450,14945,50
32990,149500,14950,50
32991,149550,14955,50
32992,149600,14960,50
32993,149650,14965,50
32994,149700,14970,50
32995,149750,14975,50
32996,149800,14980,50
32997,149850,14985,50
32998,149900,14990,50
32999,149950,14995,50
33000,150000,15000,50
